:020000040800F2
:100000003032002029020008653F0008613C0008EA
:10001000613F000815080008E946000800000000DC
:100020000000000000000000000000006140000827
:100030002D0A000800000000E13F0008F940000818
:10004000430200084302000843020008430200087C
:10005000430200084302000843020008430200086C
:10006000430200084302000843020008430200085C
:10007000430200084302000843020008430200084C
:10008000850900089509000843020008430200089A
:100090001908000829080008430200084302000864
:1000A000430200084302000843020008430200081C
:1000B000430200084302000843020008430200080C
:1000C00043020008430200084302000843020008FC
:1000D00043020008430200084302000843020008EC
:1000E0004302000843020008430200080000000029
:1000F0000000000000000000000000000000000000
:100100000000000000000000430200084302000855
:10011000430200084302000843020008B5410008FA
:10012000430200084302000843020008430200089B
:100130004302000800000000000000004302000825
:100140003908000849080008430200084302000873
:1001500000F002F800F059F814A696E8000CB2443A
:10016000B344DA4501D100F050F8BAE80F000FA609
:1001700096E83000A5EB040504EB0607AAEB07049C
:10018000A7F101074FEA15154FEA3414A4F1010451
:10019000AC4201D300F039F813F0010F18BFFB1A7D
:1001A00043F0010300F001F8DBE7184700C000004E
:1001B00020C00000103A24BF78C878C1FAD852078E
:1001C00024BF30C830C144BF04680C6070470000D1
:1001D000704700000023002400250026103A28BFA5
:1001E00078C1FBD8520728BF30C148BF0B607047A9
:1001F0001FB59DE8030000F0BFF900F08BF91FBDAB
:1002000010B5002000F05CFA10BD00F088FA11462D
:10021000FFF7EEFF07F0FEFA00F0A6FA03B4FFF7CF
:10022000EFFF03BC00F074FA094880470948004713
:10023000FEE7FEE7FEE7FEE7FEE7FEE7FEE7FEE796
:10024000FEE7FEE704480549054A064B70470000F3
:10025000B141000851010008302C0020303200204C
:10026000302E0020302E002070B5064600F068F9D0
:10027000056806F10B0020F00704B4429CBF002083
:1002800070BD2B466A68BAB11068A04210D304F161
:10029000080188423CBF5068586007D35168101964
:1002A00041601168091B016058601460101D70BD29
:1002B00013465268002AE7D12146284600F048F943
:1002C0000028DED170BD53EA020C00F069802DE9F0
:1002D000F04B4FF00006002B1FBFB3FA83F503FA73
:1002E00005F424FA05F65E4012BF1643B2FA82F511
:1002F00002FA05F4C5F120051EBF22FA05FC44EA06
:100300000C04203556EA044C4FEA144418BF641C10
:100310004FF000084FF00009904271EB030C39D305
:10032000002919BFB1FA81F701FA07F6B0FA80F790
:1003300000FA07F6C7F120071EBF20FA07FC46EABD
:100340000C062037B6FBF4FCA7EB0507103F07F0BF
:100350001F0BCBF120062CFA06F60CFA0BFB44BF60
:10036000B3460026202FA4BF5E464FF0000B5BEA89
:10037000060C08BF4FF0010B19EB0B0948EB060800
:10038000ABFB027C06FB02CC0BFB03CCC01B71EB6E
:100390000C01C1E70B46024641464846BDE8F08BDA
:1003A00013B5084318BF4FF0FF300146AFF300808C
:1003B000BDE81C4070470B460146184600F043B9A3
:1003C000032A40F2308010F0030C00F0158011F881
:1003D000013BBCF1020F624498BF11F801CB00F859
:1003E000013B38BF11F8013BA2F1040298BF00F8AD
:1003F00001CB38BF00F8013B11F0030300F025806A
:10040000083AC0F0088051F8043B083A51F804CB90
:10041000A0E80810F5E7121D5CBF51F8043B40F856
:10042000043BAFF30080D20724BF11F8013B11F861
:1004300001CB48BF11F8012B24BF00F8013B00F8A5
:1004400001CB48BF00F8012B704710B5203AC0F02F
:100450000B80B1E81850A0E81850B1E81850A0E897
:100460001850203ABFF4F5AF5FEA027C24BFB1E830
:100470001850A0E8185044BF18C918C0BDE8104073
:100480005FEA827C24BF51F8043B40F8043B08BF7C
:100490007047D20728BF31F8023B48BF11F8012B43
:1004A00028BF20F8023B48BF00F8012B704702F03C
:1004B000FF0343EA032242EA024200F002B84FF08F
:1004C000000200B5134694469646203922BFA0E8A4
:1004D0000C50A0E80C50B1F12001BFF4F7AF0907B0
:1004E00028BFA0E80C5048BF0CC05DF804EB8900A1
:1004F00028BF40F8042B08BF704748BF20F8022BE4
:1005000011F0804F18BF00F8012B704770477047FB
:100510007047000008487CB578440090074878444C
:10052000009C0546019004E020460168084480478D
:10053000241DAC42F8D17CBDB0BC0000AEBC0000B4
:100540000048704718000020704770477047704798
:1005500038B504460A4600206946AFF300800028FB
:1005600008BF38BD02460099204600F08FF80120F0
:1005700038BD012000F0C5B8F8B5AFF300800546DE
:1005800000200C460C2000BF0646A819A0420DD939
:10059000324669460020AFF30080070008BF00F034
:1005A000B0F80098A04218BF0546C419FFF7C8FF6D
:1005B00005600746F01D20F007004619284600F0A8
:1005C0000AF8B44208BFF8BDA21B31463868BDE83E
:1005D000F84000F05BB800210160416070470C20DA
:1005E000704770B50446051FFFF7AAFF0068002C8E
:1005F00014BF446870BD002C18BFAC423CBF2046FD
:100600006468F8D301680A18AA4218BF456003D18C
:100610002A6805461144016028684119A1421CBF9F
:100620006C6070BD6168696021680844286070BDB5
:1006300010B500F027F8006810BD10B5044600F0B2
:1006400021F8046010BD2DE9F041074615460E461D
:100650001020FFF709FE04000AD06760C4E90265B4
:1006600000F00CF80168216004600020BDE8F08112
:100670000120FBE700487047100000200048704749
:1006800048000020004870471000002003464068E2
:100690008C46002818BF88423CBF03464068F8D308
:1006A00018681844884207D00CF1030020F00700B6
:1006B000001D411A521A0146081D0A60FFF791BF3A
:1006C0002DE9F0410646FFF7D9FF8046454613E085
:1006D00016B1E068B0420ED120682860D4E901016B
:1006E000D8F8007088472046FFF77BFFD8F8000055
:1006F000B842EBD100E025462C68002CE8D1BDE8DB
:10070000F08110B500F03EF8BDE8104000F035B8BB
:1007100001491820ABBEFEE726000200704775466F
:10072000FFF7A8FFAE4605006946534620F00700D4
:10073000854618B020B5FFF785FDBDE820404FF095
:1007400000064FF000074FF000084FF0000BAC46DA
:10075000ACE8C009ACE8C009ACE8C009ACE8C00925
:1007600021F007018D46704710B50446AFF30080B5
:100770002046BDE81040FFF751BD002801D0FFF72B
:10078000C7BF704710B5012805D0002103A000F0B5
:1007900021F8012010BD09A1F8E700005349475294
:1007A000544D454D3A204F7574206F662068656141
:1007B00070206D656D6F7279000000003A20486509
:1007C0006170206D656D6F727920636F72727570E4
:1007D0007465640070B505460C460A2000E06D1C87
:1007E00000F011F835B128780028F8D102E0641C37
:1007F00000F009F814B120780028F8D1BDE8704065
:100800000A20AFF3008008B569468DF80000032088
:10081000ABBE08BDFFE7FEE780B540F6A000C2F220
:10082000000000F0C3FB80BD80B540F6A000C2F21E
:10083000000000F0BBFB80BD80B540F6C800C2F2EE
:10084000000000F0B3FB80BD80B540F6C800C2F2E6
:10085000000000F0ABFB80BD80B584B00390029136
:100860000398006846F20041C4F20001884216D1A4
:10087000FFE7039840F2A801C2F200010860029865
:10088000886203980023019319461A4604F004FC79
:10089000019B03980C211A4604F0FEFB18E0039814
:1008A000006846F60001C4F2000188420FD1FFE75C
:1008B000039840F2FC01C2F20001086002988862CD
:1008C0000398702100231A4604F0E6FBFFE7FFE7D8
:1008D000039800F0CDFF0398022100F0B1F80398CF
:1008E000102100F0ADF80398012100F0A9F804B040
:1008F00080BD000080B594B01290ADF84610109203
:10090000ADF83E301298006846F20041C4F2000192
:10091000884213D1FFE7BDF84600099000200A90F5
:100920000B900C90BDF83E000D901298109A09A9FA
:1009300008AB00F0AFF88DF84F001FE01298006888
:1009400046F60001C4F20001884213D1FFE7BDF86A
:10095000460002900020039004900590BDF83E00F0
:1009600006901298109A02A901AB00F093F88DF846
:100970004F0003E001208DF84F00FFE79DF84F0086
:1009800014B080BD80B540F6F000C2F2000000F067
:10099000D1FF80BD80B540F63410C2F2000000F0F7
:1009A000C9FF80BD81B000904EF6FC51CEF200012F
:1009B000086840F08070086041F20401CEF2000146
:1009C0000020086041F20002CEF20002116841F0FE
:1009D00001011160009944F24022C0F20F024A4323
:1009E00040F22811C2F200010A600A6844F6D353AB
:1009F000C1F26203A2FB0332920940F22C13C2F24D
:100A000000031A6009684DF68362C4F21B32A1FB31
:100A10000221890C40F23012C2F20002116040F251
:100A20004411C2F20001086001B070477047000035
:100A300081B0EFF3108072B60090FFE7FEE7000090
:100A400084B002900191029890F820008DF8030084
:100A50009DF80300012805D0FFE79DF80300022858
:100A60000AD1FFE7019A029801684869104348617A
:100A700000208DF80F0008E00299486A40F48020B9
:100A8000486201208DF80F00FFE79DF80F0004B0C9
:100A90007047000088B00690059104920393069871
:100AA00090F820008DF80700069800688068009094
:100AB0000598806808B9FFE700E0FFE79DF80700A8
:100AC000012806D0FFE79DF80700022840F080804B
:100AD000FFE79DF80300400700280CD4FFE79DF8CE
:100AE00003000007002806D4FFE79DF80300C006B6
:100AF000002864D5FFE70098C0F3016002900299D6
:100B000001208840039908600598806868B9FFE76C
:100B100005980168C06840EA415006990968029A40
:100B200001EB0211C1F880010EE005994A6888685E
:100B3000C96840EAC200084306990968029A01EBB5
:100B40000211C1F88001FFE705980069069909685C
:100B5000029A01EB0211C1F884010598007D012879
:100B60000CD1FFE706980068029900EB0111D1F85B
:100B7000840140F48070C1F88401FFE70498406864
:100B800006990968029A01EB0211C1F88C010498D8
:100B9000006806990968029A01EB0211C1F8880100
:100BA00006980068029900EB0111D1F8800140F02D
:100BB0000100C1F8800100208DF81F0011E00699A6
:100BC000486A40F40010486201208DF81F0008E0D8
:100BD0000699486A40F48020486201208DF81F0081
:100BE000FFE79DF81F0008B07047000086B0049032
:100BF0000391049800680190049890F820008DF803
:100C000003009DF80300012806D0FFE79DF80300CC
:100C1000022840F0B080FFE746F20040C4F2000036
:100C200001900199D1F8000240F00100C1F80002E2
:100C30000199D1F8000220F47C50C1F80002039819
:100C4000426A0199D1F8000240EA0220C1F800028C
:100C50000398406900F01F01012088400290029A29
:100C60000199D1F81C029043C1F81C020398C06995
:100C7000F0B9FFE7029A0199D1F80C029043C1F84C
:100C80000C02039A9088D168526940EA01400199A8
:100C900001EBC201C1F84002039A108891685269C1
:100CA00040EA0140019901EBC201C1F84402FFE7AB
:100CB0000398C06901281ED1FFE7029A0199D1F873
:100CC0000C021043C1F80C02039A90881168526913
:100CD00040EA0140019901EBC201C1F84002039AC8
:100CE00090899168526940EA0140019901EBC20183
:100CF000C1F84402FFE70398806940B9FFE7029A10
:100D00000199D1F804029043C1F8040207E0029A65
:100D10000199D1F804021043C1F80402FFE70398D7
:100D2000006940B9FFE7029A0199D1F81402904393
:100D3000C1F8140207E0029A0199D1F81402104395
:100D4000C1F81402FFE70398006A012808D1FFE701
:100D5000029A0199D1F81C021043C1F81C02FFE766
:100D60000199D1F8000220F00100C1F80002002032
:100D70008DF8170008E00499486A40F48020486222
:100D800001208DF81700FFE79DF8170006B07047A7
:100D900081B0009001B0704786B004900391029238
:100DA0000193049890F820008DF803009DF803004B
:100DB000012806D0FFE79DF80300022840F0E880F4
:100DC000FFE7039880B9FFE704980068C0688007D0
:100DD00048B9FFE70499486A40F4001048620120CE
:100DE0008DF81700DDE00FE00498006800698007C7
:100DF00048B9FFE70499486A40F4001048620120AE
:100E00008DF81700CDE0FFE704980068039900EB28
:100E10000110D0F8B00100F0040002998860029837
:100E2000806858B9FFE704980068039900EB011047
:100E3000D0F8B001400D029908600AE004980068FB
:100E4000039900EB0110D0F8B001C0080299486086
:100E5000FFE704980068039900EB0110D0F8B00197
:100E600000F002000299C86004980068039900EB42
:100E70000110D0F8B40100F00F00082804D3FFE7F8
:100E80000299082008610BE004980068039900EBC0
:100E90000110D0F8B40100F00F0002990861FFE7DB
:100EA00004980068039900EB0110D0F8B40180B2F7
:100EB000000A0299886104980068039900EB011008
:100EC000D0F8B401000C02994861049800680399B5
:100ED00000EB0110D0F8B80101990870049800687F
:100EE000039900EB0110D0F8B801000A019948708D
:100EF00004980068039900EB0110D0F8B801000CC9
:100F00000199887004980068039900EB0110D0F8EB
:100F1000B801000E0199C87004980068039900EBAD
:100F20000110D0F8BC010199087104980068039978
:100F300000EB0110D0F8BC01000A01994871049837
:100F40000068039900EB0110D0F8BC01000C019976
:100F5000887104980068039900EB0110D0F8BC0177
:100F6000000E0199C871039838B9FFE70498016829
:100F7000C86840F02000C86006E00498016808696D
:100F800040F020000861FFE700208DF8170008E01E
:100F90000499486A40F48020486201208DF81700C7
:100FA000FFE79DF8170006B07047000080B58AB0D3
:100FB00009900020089009980068406907900998F6
:100FC0000068406806900998006880680590099854
:100FD0000068C06804900998006800690390099847
:100FE0000068806902909DF81C00C007002800F08E
:100FF0009480FFE79DF81400C00758B3FFE70998F5
:101000000168012088609DF814008007002804D53D
:10101000FFE7099800F076FC1BE09DF814004007FC
:10102000002805D5FFE7089840F4006008900FE01D
:101030009DF814000007002805D5FFE7089840F444
:101040008050089003E0099800F058FCFFE7FFE7A4
:10105000FFE7FFE79DF81500C00760B3FFE70998B9
:1010600001684FF4807088609DF8150080070028A3
:1010700004D5FFE7099800F04DFC1BE09DF8150032
:101080004007002805D5FFE7089840F40050089075
:101090000FE09DF815000007002805D5FFE7089828
:1010A00040F48040089003E0099800F02FFCFFE72F
:1010B000FFE7FFE7FFE79DF81600C00760B3FFE713
:1010C000099801684FF4803088609DF81600800709
:1010D000002804D5FFE7099800F024FC1BE09DF8E8
:1010E00016004007002805D5FFE7089840F40040A7
:1010F00008900FE09DF816000007002805D5FFE7CF
:10110000089840F48030089003E0099800F006FC4D
:10111000FFE7FFE7FFE7FFE7FFE79DF81C00000799
:10112000002810D5FFE79DF81000C006002809D55B
:10113000FFE7089840F400700890099801681020B3
:10114000C860FFE7FFE79DF81C00400700280FD5A7
:10115000FFE79DF810000007002808D5FFE7099871
:1011600001680820C860099800F0FEFAFFE7FFE771
:101170009DF81C00800700280BD5FFE70998006840
:10118000C068800720B1FFE7099800F0F1FAFFE797
:10119000FFE79DF81C004006002810D5FFE79DF8EA
:1011A0000C00C006002809D5FFE7089840F48060CD
:1011B00008900998016810200861FFE7FFE79DF893
:1011C0001C00800600280FD5FFE79DF80C000007E3
:1011D000002808D5FFE709980168082008610998E8
:1011E00000F002FBFFE7FFE79DF81C00C0060028A7
:1011F0000BD5FFE7099800680069800720B1FFE779
:10120000099800F0F5FAFFE7FFE79DF81E00800758
:1012100000280FD5FFE79DF81800C006002808D564
:10122000FFE70998016810204860099800F01CFB4E
:10123000FFE7FFE79DF81E00C00778B1FFE79DF8C4
:1012400018000007002808D5FFE709980168082062
:101250004860099800F06AFBFFE7FFE79DF81D0072
:101260000006002840F18D80FFE79DF81800400738
:10127000002840F18180FFE79DF81D00C00750B1B4
:10128000FFE79DF80800C00728B1FFE7089840F085
:1012900001000890FFE79DF81D00800700280BD58E
:1012A000FFE79DF808008007002805D5FFE70898AC
:1012B00040F002000890FFE79DF81D00400700285D
:1012C0000BD5FFE79DF808004007002805D5FFE78C
:1012D000089840F004000890FFE79DF81D00000703
:1012E000002848D5FFE79DF8080010F0700F42D0A5
:1012F000FFE7029800F0700001460191102814D019
:10130000FFE70198202815D0FFE70198302816D074
:10131000FFE70198402817D0FFE70198502818D020
:10132000FFE70198602819D01DE0089840F00800F8
:10133000089019E0089840F01000089014E0089810
:1013400040F0200008900FE0089840F0400008901E
:101350000AE0089840F08000089005E0089840F402
:101360008070089000E0FFE709980168886920F024
:1013700070008861FFE7FFE7099801680420486072
:10138000FFE7089848B1FFE7089A0999486A1043AF
:1013900048620998FFF7FCFCFFE70AB080BD000037
:1013A00080B584B00290029820B9FFE701208DF843
:1013B0000F00E0E0029890F8200020B9FFE70298C3
:1013C00000F0DEF8FFE702980168086840F00100CD
:1013D000086001F013F80190FFE702980068406888
:1013E000C007A8B9FFE701F009F80199401A0B28D6
:1013F0000DD3FFE70299486A40F400304862029931
:10140000052081F8200001208DF80F00B3E0E4E70B
:1014100002980168086820F00200086000F0EEFF02
:101420000190FFE70298006840688007002815D502
:10143000FFE700F0E3FF0199401A0B280DD3FFE707
:101440000299486A40F4003048620299052081F808
:10145000200001208DF80F008DE0E3E70298007E68
:10146000012807D1FFE702980168086840F0800072
:10147000086006E002980168086820F080000860B3
:10148000FFE70298407E012807D1FFE70298016834
:10149000086840F04000086006E0029801680868AB
:1014A00020F040000860FFE70298807E012807D105
:1014B000FFE702980168086840F02000086006E035
:1014C00002980168086820F020000860FFE7029891
:1014D000C07E012807D1FFE702980168086820F064
:1014E0001000086006E002980168086840F01000EB
:1014F0000860FFE70298007F012807D1FFE7029804
:101500000168086840F00800086006E00298016879
:10151000086820F008000860FFE70298407F012873
:1015200007D1FFE702980168086840F004000860EE
:1015300006E002980168086820F004000860FFE7F0
:10154000029B19685A689868D3F80CC040EA0C00EE
:10155000D3F810C040EA0C005B691843013A10430D
:10156000C861029900204862029A012182F8201085
:101570008DF80F00FFE79DF80F0004B080BD00005C
:1015800080B598B017900020169015901490139085
:101590001798006846F20041C4F2000188426ED1FB
:1015A000FFE740F24C10C2F2000001680131016017
:1015B0000068012810D1FFE7FFE741F21C00C4F2E8
:1015C0000200016841F000710160006800F00070E5
:1015D00012901298FFE7FFE7FFE741F21800C4F20C
:1015E0000200016841F008010160006800F0080095
:1015F00011901198FFE74FF4807013900020149021
:10160000159040F60040C4F201000B9013A90C9114
:1016100000F04CFD0B980C994FF4007213920222CB
:1016200014920322169200F041FDFFE70421C4F258
:10163000010108681090109820F4C0401090109894
:1016400040F0E0601090109840F4804010901098A6
:101650000860FFE7142007900521089100220992F5
:1016600000F0B0FF079800F0A3FF0899099A152031
:101670000A9000F0A7FF0A9800F09AFF71E017980F
:10168000006846F60001C4F20001884268D1FFE715
:10169000FFE741F21C00C4F20200016841F08061E2
:1016A0000160006800F080600F900F98FFE740F243
:1016B0004C10C2F20000016801310160006801288D
:1016C00010D1FFE7FFE741F21C00C4F202000168FD
:1016D00041F000710160006800F000700E900E98FB
:1016E000FFE7FFE7FFE741F21800C4F202000168DC
:1016F00041F008010160006800F008000D900D98AD
:10170000FFE74FF48050139000200590149015903F
:1017100040F60040C4F20100019013A9029100F0CC
:10172000C5FC019802994FF40052139202221492C0
:101730000322169200F0BAFC059A4020039005217E
:10174000049100F03FFF039800F032FF0499059ADE
:101750004120069000F036FF069800F029FFFFE7D1
:10176000FFE718B080BD000081B0009001B0704765
:1017700080B586B005900598006846F20041C4F235
:101780000001884212D1FFE7059840F2A801C2F299
:10179000000103910A1D049201F120030021FFF7CB
:1017A000FBFA03990498896A88471BE0059800684A
:1017B00046F60001C4F20001884212D1FFE7059805
:1017C00040F2FC01C2F2000101910A1D029201F1F6
:1017D00020030021FFF7E0FA01990298896A8847FF
:1017E000FFE7FFE706B080BD81B0009001B0704711
:1017F00080B586B005900598006846F20041C4F2B5
:101800000001884212D1FFE7059840F2A801C2F218
:10181000000103910A1D049201F120030121FFF749
:10182000BBFA03990498896A88471BE00598006809
:1018300046F60001C4F20001884212D1FFE7059884
:1018400040F2FC01C2F2000101910A1D029201F175
:1018500020030121FFF7A0FA01990298896A8847BD
:10186000FFE7FFE706B080BD81B0009001B0704790
:1018700080B584B00290029890F8200001282FD102
:10188000FFE70299022081F82000029801680868A9
:1018900020F00100086000F0B1FD0190FFE7029820
:1018A00000684068C007A8B1FFE700F0A7FD0199F4
:1018B000401A0B280DD3FFE70299486A40F4003024
:1018C00048620299052081F8200001208DF80F0060
:1018D0000FE0E4E70299002048628DF80F0008E06D
:1018E0000299486A40F40020486201208DF80F00F8
:1018F000FFE79DF80F0004B080BD000081B00090AC
:1019000001B0704781B0009001B0704781B0009085
:1019100001B0704781B0009001B0704781B0009075
:1019200001B0704781B0009001B0704781B0009065
:1019300001B0704780B5ACB02B902B98C06B00689D
:101940002A902B980068006829902A982B99096C96
:10195000C8404007002840F17581FFE79DF8A400CA
:101960004007002840F16E81FFE72B98006800686F
:101970008006002807D4FFE72B980168086820F04C
:1019800004000860FFE72B9800688121C4F202017F
:101990008842C0F0A880FFE72B9800680821C4F2B5
:1019A0000201884203D1FFE70420289094E02B989D
:1019B00000681C21C4F20201884203D1FFE74020E5
:1019C000279086E02B9800683021C4F202018842FB
:1019D00004D1FFE74FF48060269077E02B980068F1
:1019E0004421C4F20201884204D1FFE74FF4804051
:1019F000259068E02B9800685821C4F202018842C3
:101A000004D1FFE74FF48020249059E02B98006820
:101A10006C21C4F20201884204D1FFE74FF4800038
:101A200023904AE02B9800688021C4F2020188428A
:101A300004D1FFE74FF0806022903BE02B980068D4
:101A400040F20841C4F20201884203D1FFE70420BA
:101A500021902CE02B98006840F21C41C4F2020156
:101A6000884203D1FFE7402020901DE02B980068BA
:101A700040F23041C4F20201884204D1FFE74FF442
:101A800080601F900DE02B98016840F24442C4F240
:101A900002024FF48020914208BF4FF480401F9013
:101AA000FFE71F982090FFE720982190FFE72198FB
:101AB0002290FFE722982390FFE723982490FFE7E6
:101AC00024982590FFE725982690FFE726982790F1
:101AD000FFE727982890FFE7289840F20441C4F2D6
:101AE00002010860A5E02B9800680821C4F20201F9
:101AF000884203D1FFE704201E9094E02B980068F1
:101B00001C21C4F20201884203D1FFE740201D904E
:101B100086E02B9800683021C4F20201884204D18B
:101B2000FFE74FF480601C9077E02B980068442119
:101B3000C4F20201884204D1FFE74FF480401B90B9
:101B400068E02B9800685821C4F20201884204D151
:101B5000FFE74FF480201A9059E02B9800686C2121
:101B6000C4F20201884204D1FFE74FF480001990CB
:101B70004AE02B9800688021C4F20201884204D117
:101B8000FFE74FF0806018903BE02B98006840F230
:101B90000841C4F20201884203D1FFE704201790F4
:101BA0002CE02B98006840F21C41C4F202018842EC
:101BB00003D1FFE7402016901DE02B98006840F20B
:101BC0003041C4F20201884204D1FFE74FF4806043
:101BD00015900DE02B98016840F24442C4F20202D5
:101BE0004FF48020914208BF4FF480401590FFE7EA
:101BF00015981690FFE716981790FFE7179818901A
:101C0000FFE718981990FFE719981A90FFE71A98BC
:101C10001B90FFE71B981C90FFE71C981D90FFE7A7
:101C20001D981E90FFE71E980421C4F2020108606F
:101C3000FFE72B98C06A20B1FFE72B98C16A88475D
:101C4000FFE7B7E12A982B99096CC8408007002864
:101C500040F17F81FFE79DF8A4008007002840F154
:101C60007881FFE72B9800680068800600280BD475
:101C7000FFE72B980168086820F00A0008602B999C
:101C8000012081F82100FFE72B9800688121C4F230
:101C900002018842C0F0A880FFE72B980068082165
:101CA000C4F20201884203D1FFE70220149094E0BD
:101CB0002B9800681C21C4F20201884203D1FFE77F
:101CC0002020139086E02B9800683021C4F2020196
:101CD000884204D1FFE74FF40070129077E02B9810
:101CE00000684421C4F20201884204D1FFE74FF4A6
:101CF0000050119068E02B9800685821C4F202014E
:101D0000884204D1FFE74FF40030109059E02B983F
:101D100000686C21C4F20201884204D1FFE74FF44D
:101D200000100F904AE02B9800688021C4F2020155
:101D3000884204D1FFE74FF000700E903BE02B98F3
:101D4000006840F20841C4F20201884203D1FFE773
:101D500002200D902CE02B98006840F21C41C4F248
:101D60000201884203D1FFE720200C901DE02B9850
:101D7000006840F23041C4F20201884204D1FFE71A
:101D80004FF400700B900DE02B98016840F2444234
:101D9000C4F202024FF40030914208BF4FF40050E9
:101DA0000B90FFE70B980C90FFE70C980D90FFE766
:101DB0000D980E90FFE70E980F90FFE70F98109088
:101DC000FFE710981190FFE711981290FFE7129823
:101DD0001390FFE713981490FFE7149840F2044122
:101DE000C4F202010860A5E02B9800680821C4F243
:101DF0000201884203D1FFE702200A9094E02B9869
:101E000000681C21C4F20201884203D1FFE72020B0
:101E1000099086E02B9800683021C4F202018842C4
:101E200004D1FFE74FF40070089077E02B9800682A
:101E30004421C4F20201884204D1FFE74FF400506C
:101E4000079068E02B9800685821C4F2020188428C
:101E500004D1FFE74FF40030069059E02B9800685A
:101E60006C21C4F20201884204D1FFE74FF4001054
:101E700005904AE02B9800688021C4F20201884254
:101E800004D1FFE74FF0007004903BE02B9800680E
:101E900040F20841C4F20201884203D1FFE7022068
:101EA00003902CE02B98006840F21C41C4F2020120
:101EB000884203D1FFE7202002901DE02B980068A4
:101EC00040F23041C4F20201884204D1FFE74FF4EE
:101ED000007001900DE02B98016840F24442C4F27A
:101EE00002024FF40030914208BF4FF400500190BD
:101EF000FFE701980290FFE702980390FFE703983D
:101F00000490FFE704980590FFE705980690FFE727
:101F100006980790FFE707980890FFE70898099050
:101F2000FFE709980A90FFE70A980421C4F202012A
:101F30000860FFE7FFE72B99002081F82000FFE70A
:101F40002B98806A20B1FFE72B98816A8847FFE7CA
:101F50002FE02A982B99096CC8400007002827D544
:101F6000FFE79DF8A4000007002821D5FFE72B9884
:101F70000168086820F00E0008602B98C26B016CA5
:101F8000012000FA01F151602B9988632B9981F8A7
:101F90002100FFE72B99002081F82000FFE72B9814
:101FA000006B20B1FFE72B98016B8847FFE7FFE745
:101FB000FFE7FFE72CB080BD83B0019000200090C8
:101FC000019820B9FFE701208DF80B006AE0019825
:101FD000006840F20741C4F20201884218D8FFE7C6
:101FE000019908684FF6F872CBF6FD7210444CF672
:101FF000CD42CCF6CC42A0FB02026FF0030000EA17
:102000009200086401990020C4F20200C86318E03D
:10201000019908684FF6F832CBF6FD7210444CF681
:10202000CD42CCF6CC42A0FB02026FF0030000EAE6
:1020300092000864019940F20040C4F20200C863B3
:10204000FFE70199022081F82100019800680068EB
:102050000090009843F6F071884300900199486819
:10206000D1F808C0CB680A6940EA0C001843104355
:102070004A6910438A691043C969014300980843BB
:102080000090009801990968086001990020886310
:10209000019A012182F82110019981F820008DF820
:1020A0000B00FFE79DF80B0003B0704790B00F9056
:1020B0000E9100200D900990FFE70E9800680D9991
:1020C000C840002800F07F81FFE70D99012088407B
:1020D0000C900E9800680C9908400B900B980C9986
:1020E000884240F06C81FFE70E9840680590002818
:1020F00051D0FFE7059801283AD0FFE7059802285C
:102100003FD0FFE7059803285FD0FFE70598112827
:1021100032D0FFE70598122838D0FFE70598002154
:10212000C1F21101884236D0FFE705980021C1F2C3
:10213000120188422FD0FFE705980021C1F221014A
:10214000884228D0FFE705980021C1F22201884289
:1021500021D0FFE705980021C1F2310188421AD051
:10216000FFE705980021C1F23201884213D02FE029
:102170000E98C06809902CE00E98C0680430099051
:1021800027E00E98C0680830099022E00E98C068D9
:102190000C3009901DE00E98806818B9FFE7042004
:1021A000099011E00E988068012806D1FFE7082009
:1021B00009900C980F99086105E0082009900C9887
:1021C0000F994861FFE7FFE703E00020099000E076
:1021D000FFE70B98FF2803D8FFE70F98049003E070
:1021E0000F9804300490FFE7049808900B98FF289C
:1021F00004D8FFE70D988000039006E00D996FF07A
:102200001F0000EB81000390FFE7039807900898F8
:102210000068079A0F21914088430999914008432B
:10222000089908600E98C079C006002840F1C68061
:10223000FFE7FFE741F21800C4F20200016841F035
:1022400001010160006800F0010006900698FFE7B8
:102250000D9820F003000821C4F2010140580A90B3
:102260000D9800F0030081000F2000FA01F10A9898
:1022700088430A900F9840F60001C4F20101884299
:1022800003D1FFE70020029026E00F9840F60041BE
:10229000C4F20101884203D1FFE70120019018E058
:1022A0000F9841F20001C4F20101884203D1FFE717
:1022B000022000900AE00F9941F20042C4F20102AC
:1022C0000420914208BF03200090FFE7009801908E
:1022D000FFE701980290FFE702980D9901F00301D2
:1022E000890000FA01F10A9808430A900A980D99AA
:1022F00021F003010822C4F2010288500E9880796F
:10230000C006002809D5FFE70B9A40F20841C4F245
:10231000010108681043086008E00B9A40F2084188
:10232000C4F20101086890430860FFE70E988079C5
:102330008006002809D5FFE70B9A40F20C41C4F251
:10234000010108681043086008E00B9A40F20C4154
:10235000C4F20101086890430860FFE70E98807995
:102360008007002809D5FFE70B9A40F20441C4F228
:10237000010108681043086008E00B9A40F204412C
:10238000C4F20101086890430860FFE70E98807965
:10239000C00748B1FFE70B9A40F20041C4F20101C7
:1023A00008681043086008E00B9A40F20041C4F24C
:1023B0000101086890430860FFE7FFE7FFE70D9819
:1023C00001300D9079E610B07047000082B00190A6
:1023D000ADF802108DF801209DF8010028B1FFE74B
:1023E000BDF802000199086105E0BDF80200000493
:1023F00001990861FFE702B07047000042F614300F
:10240000C2F200000068704740F20400C2F200000F
:10241000027842F61431C2F20001086810440860E4
:102420007047000080B542F20001C4F20201086862
:1024300040F010000860032000F0DEF80F2000F0EC
:1024400005F800F07BF8002080BD000080B58CB05E
:102450000B900020049003908DF80700FFE741F2F5
:102460001C00C4F20200016841F020010160006814
:1024700000F0200000900098FFE706A802A900F0F5
:10248000EFF909980490049820B9FFE700F018FAD2
:10249000059004E000F014FA40000590FFE705986D
:1024A0004DF68361C4F21B31A0FB01014FF0FF30F8
:1024B00000EB9140039040F6C010C2F2000041F2E0
:1024C0000041C4F20001016040F2E731C1600399AC
:1024D0004160002101618160816100F087FF8DF81A
:1024E00007009DF8070028BBFFE740F6C010C2F2C6
:1024F000000000F0CDFF8DF807009DF80700C0B97F
:10250000FFE7372000F054F80B980F280CD8FFE7AE
:102510000B993720002200F055F80B9840F2080183
:10252000C2F20001086003E001208DF80700FFE718
:10253000FFE7FFE79DF807000CB080BD80B584B0D1
:10254000FFE741F21800C4F20200016841F0010106
:102550000160006800F0010003900398FFE7FFE7C7
:1025600041F21C00C4F20200016841F08051016098
:10257000006800F0805002900298FFE76FF00100C1
:102580000F21002200F01EF8FFE70421C4F2010130
:1025900008680190019820F0E0600190019840F0F7
:1025A0000070019001980860FFE704B080BD000052
:1025B00080B582B08DF807009DF9070004F0FCFF9C
:1025C00002B080BD80B586B08DF8170004910392EB
:1025D0000020029005F008F802909DF91700019084
:1025E00002980499039A01F0BFFC0146019805F096
:1025F00003F806B080BD000080B582B0019001985C
:1026000005F01CF802B080BD80B584B00290019145
:10261000029820B9FFE701208DF80F001BE1019817
:1026200042F20001C4F20201096801F00701884288
:1026300016D9FFE742F20000C4F20200016821F05F
:102640000701019A11430160006800F00700019939
:10265000884204D0FFE701208DF80F00FBE0FFE780
:1026600002980078800700282AD5FFE702980078B2
:102670004007002809D5FFE741F20401C4F2020136
:10268000086840F4E0600860FFE7029800780007FF
:10269000002809D5FFE741F20401C4F202010868ED
:1026A00040F460500860FFE741F20401C4F2020107
:1026B000086820F0F000029A926810430860FFE773
:1026C00002980078C007002860D0FFE702984068B1
:1026D00001280ED1FFE741F20000C4F202000068B9
:1026E0008003002804D4FFE701208DF80F00B2E03A
:1026F00021E00298406802280ED1FFE741F2000075
:10270000C4F2020000688001002804D4FFE7012021
:102710008DF80F009FE00DE041F20000C4F20200CE
:1027200000688007002804D4FFE701208DF80F001F
:1027300091E0FFE7FFE741F20401C4F202010868FB
:1027400020F00300029A526810430860FFF756FE1B
:102750000090FFE741F20400C4F20200006800F0BC
:102760000C0002994968B0EB810F0ED0FFE7FFF72C
:1027700045FE0099401A41F28931884204D3FFE7AF
:1027800003208DF80F0066E0E4E7FFE7019842F2CE
:102790000001C4F20201096801F00701884216D263
:1027A000FFE742F20000C4F20200016821F00701D5
:1027B000019A11430160006800F007000199884206
:1027C00004D0FFE701208DF80F0044E0FFE70298F6
:1027D0000078400700280CD5FFE741F20401C4F25D
:1027E0000201086820F4E060029AD2681043086091
:1027F000FFE702980078000700280DD5FFE741F2B7
:102800000401C4F20201086820F46050029A1269BF
:1028100040EAC2000860FFE700F076F841F20401E8
:10282000C4F202010968C9B20A094BF6CE01C0F62A
:102830000001895CC84040F20001C2F2000108605A
:1028400040F20800C2F200000068FFF7FFFD002020
:102850008DF80F00FFE79DF80F0004B080BD000069
:1028600082B00190009101990F20086041F20400AC
:10287000C4F20200016801F00301019A516001688D
:1028800001F0F001019A9160016801F4E061019AA0
:10289000D160006800F46050C0080199086142F2FC
:1028A0000000C4F20200006800F007000099086010
:1028B00002B0704740F20000C2F2000000687047AA
:1028C00080B5FFF7F7FF41F20401C4F20201096885
:1028D000C1F302224BF6DE01C0F60001895CC8405C
:1028E00080BD000080B5FFF7E5FF41F20401C4F2AE
:1028F00002010968C1F3C2224BF6DE01C0F60001F5
:10290000895CC84080BD000080B588B00020079079
:1029100006900590049003900290019041F204000B
:10292000C4F2020000680790079800F00C0001460E
:102930000091002878D0FFE70098042804D0FFE732
:102940000098082806D070E041F20020C0F27A001A
:10295000039070E00798C0F383414BF6E600C0F6A1
:102960000000405C04909DF81E00C007002850D075
:10297000FFE741F22C00C4F20200016801F00F02EF
:102980004BF6F401C0F60001895C06910068C003B3
:10299000002825D5FFE741F22C00C4F202000168AF
:1029A000CAB2012101EB12110291006800F47061BA
:1029B000022000EB1120019001980499A0FB010175
:1029C00041F20022C0F27A02A0FB020301FB0231B5
:1029D000029A069BA2FB0323FDF775FC05900AE013
:1029E000049841F20021C0F27A0148430699B0FBF5
:1029F000F1F00590FFE704984BF6E601C0F6000100
:102A0000497B884204D1FFE7059840080590FFE71D
:102A100007E0049840F60011C0F23D0148430590DC
:102A2000FFE70598039006E0FFE741F20020C0F2BF
:102A30007A000390FFE7039808B080BD80B586B0A8
:102A40000490049820B9FFE701208DF81700EFE308
:102A500004980078C007002800F0AE80FFE741F23C
:102A60000400C4F20200006800F00C00042813D037
:102A7000FFE741F20400C4F20200006800F00C001D
:102A800008281BD1FFE741F20400C4F202000068ED
:102A9000C003002812D5FFE741F20000C4F2020093
:102AA00000688003002808D5FFE70498806820B9F3
:102AB000FFE701208DF81700BAE37CE0FFE70498F8
:102AC0008068B0F5803F09D1FFE741F20001C4F210
:102AD0000201086840F48030086032E004988068A1
:102AE00068B9FFE741F20001C4F20201086820F46E
:102AF00080300860086820F48020086020E0049896
:102B00008068B0F5A02F0DD1FFE741F20001C4F2BB
:102B10000201086840F480200860086840F48030B2
:102B200008600CE041F20001C4F20201086820F4E0
:102B300080300860086820F480200860FFE7FFE725
:102B4000FFE7FFE704988068D0B1FFE7FFF756FC86
:102B50000390FFE741F20000C4F202000068800326
:102B600000280CD4FFE7FFF749FC0399401A6528B9
:102B700004D3FFE703208DF8170059E3EAE719E0D3
:102B8000FFF73CFC0390FFE741F20000C4F20200B3
:102B90000068800300280CD5FFE7FFF72FFC03999E
:102BA000401A652804D3FFE703208DF817003FE3A0
:102BB000EAE7FFE7FFE7FFE70498007880070028CF
:102BC00040F18D80FFE741F20400C4F2020000688A
:102BD00010F00C0F13D0FFE741F20400C4F2020022
:102BE000006800F00C00082829D1FFE741F204003A
:102BF000C4F202000068C003002820D4FFE741F2BD
:102C00000000C4F2020000688007002809D5FFE731
:102C100004984069012804D0FFE701208DF81700CF
:102C200006E341F20001C4F20201086820F0F80056
:102C3000049A926940EAC2000860FFE74EE00498F7
:102C4000406958B3FFE70021C4F242210120086027
:102C5000FFF7D4FB0390FFE741F20000C4F202004B
:102C60000068800700280CD4FFE7FFF7C7FB039933
:102C7000401A032804D3FFE703208DF81700D7E29A
:102C8000EAE741F20001C4F20201086820F0F8000E
:102C9000049A926940EAC20008601EE00021C4F272
:102CA000422100200860FFF7A9FB0390FFE741F2F3
:102CB0000000C4F202000068800700280CD5FFE77E
:102CC000FFF79CFB0399401A032804D3FFE7032076
:102CD0008DF81700ACE2EAE7FFE7FFE7FFE70498AB
:102CE00000780007002848D5FFE70498C06918B3AA
:102CF000FFE740F28041C4F2422101200860FFF763
:102D00007DFB0390FFE741F22400C4F2020000685B
:102D1000800700280CD4FFE7FFF770FB0399401AE7
:102D2000032804D3FFE703208DF8170080E2EAE7C9
:102D3000012001F077F91FE040F28041C4F2422106
:102D400000200860FFF75AFB0390FFE741F22400E0
:102D5000C4F202000068800700280CD5FFE7FFF7E7
:102D60004DFB0399401A032804D3FFE703208DF895
:102D700017005DE2EAE7FFE7FFE704980078400705
:102D8000002840F1D880FFE700208DF8070041F2CD
:102D90001C00C4F202000068C000002813D4FFE742
:102DA000FFE741F21C00C4F20200016841F08051CB
:102DB0000160006800F0805000900098FFE701205B
:102DC0008DF80700FFE747F20000C4F2000000683A
:102DD000C005002822D4FFE747F20001C4F2000139
:102DE000086840F480700860FFF708FB0390FFE775
:102DF00047F20000C4F200000068C00500280CD4AF
:102E0000FFE7FFF7FBFA0399401A652804D3FFE7B1
:102E100003208DF817000BE2EAE7FFE7FFE70498CD
:102E20000069012809D1FFE741F22001C4F2020143
:102E3000086840F00100086031E00498006968B952
:102E4000FFE741F22001C4F20201086820F001000E
:102E50000860086820F0040008601FE0049800691A
:102E600005280DD1FFE741F22001C4F202010868F4
:102E700040F004000860086840F0010008600CE0C1
:102E800041F22001C4F20201086820F0010008604C
:102E9000086820F004000860FFE7FFE7FFE7FFE7AE
:102EA00004980069E0B1FFE7FFF7A8FA0390FFE795
:102EB00041F22000C4F202000068800700280ED40E
:102EC000FFE7FFF79BFA0399401A41F289318842E4
:102ED00004D3FFE703208DF81700A9E1E8E71BE022
:102EE000FFF78CFA0390FFE741F22000C4F20200E2
:102EF0000068800700280ED5FFE7FFF77FFA0399E7
:102F0000401A41F28931884204D3FFE703208DF84B
:102F100017008DE1E8E7FFE79DF80700012809D1D8
:102F2000FFE741F21C01C4F20201086820F0805062
:102F30000860FFE7FFE70498C06A002800F0B78048
:102F4000FFE741F20400C4F202000068C003002859
:102F500017D5FFE741F20400C4F20200006800F058
:102F60000C0008280DD1FFE741F22C00C4F202004A
:102F70000068C003002804D5FFE701208DF8170082
:102F800056E10498C06A022868D1FFE741F20000C8
:102F9000C4F202000068C000002810D5FFE741F22B
:102FA0002C00C4F20200006800F0F0000499496BA4
:102FB000884204D0FFE701208DF8170038E168212E
:102FC000C4F2422100200860FFF718FA0390FFE7DF
:102FD00041F20000C4F202000068000100280CD594
:102FE000FFE7FFF70BFA0399401A652804D3FFE7C0
:102FF00003208DF817001BE1EAE741F22C01C4F22F
:103000000201086820F0F000049A526B1043086037
:10301000086820F47060049A126B104308606821FD
:10302000C4F2422101200860FFF7E8F90390FFE7AE
:1030300041F20000C4F202000068000100280CD434
:10304000FFE7FFF7DBF90399401A652804D3FFE790
:1030500003208DF81700EBE0EAE726E041F22C01AF
:10306000C4F20201086820F4803008606821C4F2CC
:10307000422100200860FFF7C1F90390FFE741F209
:103080000000C4F202000068000100280CD5FFE730
:10309000FFF7B4F90399401A652804D3FFE703202A
:1030A0008DF81700C4E0EAE7FFE7FFE7FFE70498C1
:1030B000006A002800F0B880FFE741F20400C4F283
:1030C0000200006800F00C00082800F08780FFE78D
:1030D0000498006A022861D1FFE76021C4F242210E
:1030E00000200860FFF78AF90390FFE741F2000033
:1030F000C4F202000068800100280CD5FFE7FFF74A
:103100007DF90399401A032804D3FFE703208DF8C3
:1031100017008DE0EAE70498406AB0F5803F11D1CE
:10312000FFE70498426841F22C01C4F202010868EA
:1031300010430860086820F00F00049AD26810431A
:103140000860FFE741F20401C4F20201086820F4BC
:103150007410049B5A6A9B6A1A43104308606021EA
:10316000C4F2422101200860FFF748F90390FFE70D
:1031700041F20000C4F202000068800100280CD473
:10318000FFE7FFF73BF90399401A032804D3FFE751
:1031900003208DF817004BE0EAE71EE06021C4F23F
:1031A000422100200860FFF729F90390FFE741F270
:1031B0000000C4F202000068800100280CD5FFE77F
:1031C000FFF71CF90399401A032804D3FFE70320F3
:1031D0008DF817002CE0EAE7FFE724E00498006A86
:1031E000012804D1FFE701208DF8170020E041F20B
:1031F0000400C4F2020000680290029800F48030DB
:103200000499496A884208D1FFE7029800F47010D7
:103210000499896A884204D0FFE701208DF81700DD
:1032200006E0FFE7FFE7FFE700208DF81700FFE764
:103230009DF8170006B080BD81B0009001B07047C6
:1032400081B0009001B0704784B0029001910020DD
:103250000090FFE7029890F83C00012804D1FFE7B6
:1032600002208DF80F0044E00299012081F83C0013
:10327000FFE7FFE7009820F0FF000199C9680843C5
:103280000090009820F440700199896808430090EC
:10329000009820F4806001994968084300900098E4
:1032A00020F400600199096808430090009820F418
:1032B00080500199096908430090009820F400505B
:1032C0000199496908430090009820F480400199D1
:1032D000C969084300900098029909684864FFE7AB
:1032E0000299002081F83C00FFE700208DF80F00D4
:1032F000FFE79DF80F0004B07047000085B0039011
:103300000291FFE7039890F83C00012804D1FFE701
:1033100002208DF8130064E00399012081F83C003D
:10332000FFE7FFE70399022081F83D00039800685A
:10333000406801900398006880680090019820F030
:10334000700001900298016801980843019001986B
:103350000399096848600398006842F60041C4F286
:103360000101884221D0FFE703980068B0F1804F47
:103370001BD0FFE70398006840F20041C4F200014F
:10338000884212D0FFE70398006840F60001C4F2BB
:103390000001884209D0FFE70398006840F6004129
:1033A000C4F2000188420ED1FFE7009820F08000AF
:1033B0000090029841680098084300900098039993
:1033C00009688860FFE70399012081F83D00FFE765
:1033D0000399002081F83C00FFE700208DF81300DE
:1033E000FFE79DF8130005B07047000080B582B07C
:1033F0000090009820B9FFE701208DF807003FE01A
:10340000009890F83D0040B9FFE70099002081F84E
:103410003C00009800F038F8FFE70099022081F89E
:103420003D00009951F8040B00F0CCFE00990120FA
:1034300081F84600FFE70099012081F83E000099DD
:1034400081F83F00009981F84000009981F841001F
:10345000FFE7FFE70099012081F84200009981F819
:103460004300009981F84400009981F84500FFE786
:103470000099012081F83D0000208DF80700FFE74A
:103480009DF8070002B080BD81B0009001B0704788
:1034900083B00190019890F83D00012804D0FFE727
:1034A00001208DF80B0050E00199022081F83D00C9
:1034B00001980168C86840F00100C8600198006880
:1034C00042F60041C4F20101884221D0FFE7019891
:1034D0000068B0F1804F1BD0FFE70198006840F210
:1034E0000041C4F20001884212D0FFE70198006851
:1034F00040F60001C4F20001884209D0FFE70198BC
:10350000006840F60041C4F20001884212D1FFE792
:1035100001980068806800F0070000900098062875
:1035200007D0FFE701980168086840F001000860D3
:10353000FFE706E001980168086840F001000860B4
:10354000FFE700208DF80B00FFE79DF80B0003B0AC
:103550007047000081B0009001B0704780B582B024
:10356000019001980068006900F002010020B0EBB2
:10357000510F28D0FFE701980068C06800F00201F1
:103580000020B0EB510F1DD0FFE7019801686FF0EC
:10359000020008610199012008770198006880699C
:1035A000800720B1FFE70198FFF7D4FF06E00198FC
:1035B00000F042F9019800F051FAFFE7019900206C
:1035C0000877FFE7FFE701980068006900F0040151
:1035D0000020B0EB910F29D0FFE701980068C06888
:1035E00000F004010020B0EB910F1ED0FFE701981E
:1035F00001686FF0040008610199022008770198C2
:103600000068806910F4407F04D0FFE70198FFF75D
:10361000A1FF06E0019800F00FF9019800F01EFAF2
:10362000FFE7019900200877FFE7FFE701980068AE
:10363000006900F008010020B0EBD10F28D0FFE7AF
:1036400001980068C06800F008010020B0EBD10FBD
:103650001DD0FFE7019801686FF00800086101992B
:103660000420087701980068C069800720B1FFE74F
:103670000198FFF76FFF06E0019800F0DDF8019870
:1036800000F0ECF9FFE7019900200877FFE7FFE77A
:1036900001980068006900F010010020B0EB111FD4
:1036A00029D0FFE701980068C06800F010010020F1
:1036B000B0EB111F1ED0FFE7019801686FF01000FA
:1036C000086101990820087701980068C06910F422
:1036D000407F04D0FFE70198FFF73CFF06E0019828
:1036E00000F0AAF8019800F0B9F9FFE7019900206D
:1036F0000877FFE7FFE7019800680069C00780B11D
:10370000FFE701980068C068C00748B1FFE701986B
:1037100001686FF001000861019800F0A3F9FFE76C
:10372000FFE7019800680069C1B20020B0EBD11F2B
:1037300013D0FFE701980068C068C1B20020B0EB69
:10374000D11F09D0FFE7019801686FF08000086180
:103750000198FFF771FDFFE7FFE701980068006936
:1037600000F040010020B0EB911F14D0FFE701985A
:103770000068C06800F040010020B0EB911F09D044
:10378000FFE7019801686FF040000861019800F0C0
:103790007BF9FFE7FFE701980068006900F020016E
:1037A0000020B0EB511F14D0FFE701980068C068FB
:1037B00000F020010020B0EB511F09D0FFE7019875
:1037C00001686FF0200008610198FFF739FDFFE7FD
:1037D000FFE702B080BD000080B586B005900020F4
:1037E00004900390029001900598006842F6004111
:1037F000C4F2010188421DD1FFE7FFE741F2180042
:10380000C4F20200016841F004010160006800F0A8
:10381000040000900098FFE74FF4806001900220C0
:103820000290049040F60000C4F2010001A9FEF7E6
:103830003DFCFFE706B080BD81B0009001B070474D
:1038400080B586B004900391029200208DF80700A5
:10385000FFE7049890F83C00012804D1FFE702201C
:103860008DF8170089E00499012081F83C00FFE7FA
:10387000FFE7029800900C2800F270800099DFE8C2
:1038800001F0076D6D6D206D6D6D3A6D6D6D5300BE
:1038900004980068039900F01DFD04980168886988
:1038A00040F00800886104980168886920F00400ED
:1038B00088610398026904980168886910438861E7
:1038C00050E004980068039900F06CFD04980168CA
:1038D000886940F40060886104980168886920F470
:1038E000806088610398026904980168886940EAE9
:1038F0000220886136E004980068039900F0BEFD5C
:1039000004980168C86940F00800C861049801681B
:10391000C86920F00400C86103980269049801682E
:10392000C8691043C8611DE004980068039900F05D
:1039300011FE04980168C86940F40060C8610498E9
:103940000168C86920F48060C8610398026904981E
:103950000168C86940EA0220C86103E001208DF8CF
:103960000700FFE7FFE70499002081F83C00FFE72C
:103970009DF807008DF81700FFE79DF8170006B0C7
:1039800080BD000080B582B00090009820B9FFE7AC
:1039900001208DF807003FE0009890F83D0040B905
:1039A000FFE70099002081F83C00009800F038F80B
:1039B000FFE70099022081F83D00009951F8040BBF
:1039C00000F000FC0099012081F84600FFE7009913
:1039D000012081F83E00009981F83F00009981F8AC
:1039E0004000009981F84100FFE7FFE700990120BE
:1039F00081F84200009981F84300009981F8440061
:103A0000009981F84500FFE70099012081F83D0009
:103A100000208DF80700FFE79DF8070002B080BD89
:103A200082B001900198006842F60041C4F20101A1
:103A3000884210D1FFE7FFE741F21800C4F202000C
:103A4000016841F400610160006800F400600090CA
:103A50000098FFE7FFE702B07047000081B00090D8
:103A600001B0704780B582B001900198006841F2C2
:103A70000041C4F20001884203D1FFE7FEF7C4FC15
:103A8000FFE702B080BD000081B0009001B0704738
:103A900080B582B00090009820B9FFE701208DF832
:103AA000070040E00098806908B1FFE700E0FFE709
:103AB000009890F8410040B9FFE70099002081F894
:103AC0004000009800F034F8FFE70099242081F8C6
:103AD000410000980168C86820F40050C860009850
:103AE00000F0A4FD00980168086920F49040086186
:103AF00000980168486920F02A0048610098016830
:103B0000C86840F40050C860009900204864009ADA
:103B1000202182F84110009A82F8421000994863EF
:103B20008DF80700FFE79DF8070002B080BD000098
:103B300080B58CB00B9000200A90099008900790F7
:103B40000B98006844F20041C4F20001884240F042
:103B50008480FFE7FFE741F21C00C4F20200016825
:103B600041F400310160006800F4003006900698CE
:103B7000FFE7FFE741F21800C4F20200016841F0DC
:103B800004010160006800F0040005900598FFE75B
:103B9000042007900220089003200A9040F60000BD
:103BA000C4F20100019007A90291FEF77FFA019883
:103BB0000299082207920022039208920992FEF7C6
:103BC00075FA039940F6F000C2F2000004906C22EE
:103BD000C4F202020260416081608022C260016121
:103BE000416181614FF40051C161FEF7E5F918B1FF
:103BF000FFE7FCF71DFFFFE7FFE70B9840F6F0013A
:103C0000C2F20001C1630B984862FFE740F634102E
:103C1000C2F2000000908021C4F202010160102174
:103C20004160002181608022C26001614161816147
:103C30004FF40051C161FEF7BFF918B1FFE7FCF77F
:103C4000F7FEFFE7FFE70B9840F63411C2F20001E0
:103C500081630B984862FFE7FFE70CB080BD00006E
:103C6000FFE7FEE780B582B040F6A000C2F2000098
:103C7000019046F20041C4F200010160042141605C
:103C800000218160C1604FF4802202614FF4001274
:103C900042610176012242768176C17601774177D1
:103CA000FDF77EFB18B1FFE7FCF7C2FEFFE702B0AD
:103CB00080BD000080B582B040F6C800C2F20000AE
:103CC000019046F60001C4F2000101600421416048
:103CD00000218160C1604FF4003202614FF4800224
:103CE00042610176012242768276C1760177417780
:103CF000FDF756FB18B1FFE7FCF79AFEFFE702B0AD
:103D000080BD000080B586B0FFE741F21400C4F228
:103D10000200016841F001010160006800F001004B
:103D200005900598FFE710200190052102910022DF
:103D30000392FEF747FC0198FEF73AFC0299039ABA
:103D400011200490FEF73EFC0498FEF731FC06B00B
:103D500080BD000080B582B044F28500C0F600004E
:103D60004BF60412C0F600020021019103F012FE8E
:103D7000019940F68C02C2F20002106044F2A500E4
:103D8000C0F600004CF22C12C0F6000203F002FE56
:103D900041F6F421C2F20001086002B080BD0000CB
:103DA00080B58AB000200990089007900690FFE740
:103DB00041F21800C4F20200016841F020010160E4
:103DC000006800F0200005900598FFE7FFE741F24A
:103DD0001800C4F20200016841F0040101600068AB
:103DE00000F0040004900498FFE7FFE741F2180098
:103DF000C4F20200016841F008010160006800F0AF
:103E0000080003900398FFE740F60040C4F2010069
:103E10000290032101910022FEF7D8FA019902983D
:103E200006910121079102210891099106A9FEF747
:103E30003DF90AB080BD000080B594B00021019129
:103E400013911291119110910F910E910D910C916E
:103E50000B910A910991089107910691059104919E
:103E6000039140F67810C2F20000029042F6004240
:103E7000C4F20102026024224260816040F2E73213
:103E8000C2600161416180218161FFF77BFD18B152
:103E9000FFE7FCF7CDFDFFE700201290139040F6FE
:103EA0007810C2F2000012A9FFF728FA18B1FFE754
:103EB000FCF7BEFDFFE760200B9000200C900D90FA
:103EC0000E900F901090119040F67810C2F2000002
:103ED0000BA90822FFF7B4FC18B1FFE7FCF7A8FD17
:103EE000FFE70020039004900590069007904FF4A0
:103EF000005108910A9040F67810C2F2000003A920
:103F0000FFF7A2F918B1FFE7FCF792FDFFE740F6D3
:103F10007810C2F20000FFF75FFC14B080BD000013
:103F200080B582B040F60820C2F20000019044F251
:103F30000041C4F2000101604FF4E1314160002111
:103F40008160C16001610C2242618161C161FFF742
:103F50009FFD18B1FFE7FCF76BFDFFE702B080BDE6
:103F6000FFE7FEE7FFE7FEE788B0079006910592BE
:103F7000079800F0070004900498C0F10700052896
:103F800003D3FFE70420019004E00498C0F1070088
:103F90000190FFE70198039004980430062803D8A5
:103FA000FFE70020009003E0049803380090FFE74B
:103FB0000098029006980399012202FA01F1013952
:103FC0000840029B984005999A40013A11400843E5
:103FD00008B0704700000000000000000000000072
:103FE000EFF30980BFF36F8F0D4B1A6820E9F00FD4
:103FF00010602DE908404FF0500080F3118805F063
:1040000011F94FF0000080F31188BDE808401968ED
:104010000868B0E8F00F80F30988BFF36F8F70472E
:104020005C0B002082B00190019840F20001C2F2C6
:1040300000010968C90844F6D352C1F26202A1FB2B
:104040000221890948430090FFE700BFFFE700987D
:10405000411E00910028F8D1FFE702B07047000030
:10406000074B19680868B0E8F00F80F30988BFF3C0
:104070006F8F4FF0000080F311884EF00D0E7047E7
:104080005C0B002080B582B00190FFE740F6502124
:10409000C2F20001086801300860012003F0D8FB7B
:1040A000F4E7000080B584B00390FFE700F0C6FF9E
:1040B00040F66401C2F200010291086040F6D4703B
:1040C000C2F20000019000F057FB019800F012FCD2
:1040D000019800F013FC019800F00CFB00F0AEFF1B
:1040E00002990968401A41F6F021C2F20001086005
:1040F000012003F0ADFBD9E780B582B04FF050004E
:1041000080F31188BFF36F8FBFF34F8F009005F0DE
:104110005FFE40B1FFE74EF60451CEF200014FF0D2
:1041200080500860FFE700200190019880F311881B
:1041300002B080BD80B596B008A801903821FCF788
:10414000BEF9019800210291079106910591049111
:104150000391012308934FF480320A920B910D933F
:1041600009910223109311924FF4E01212921391CD
:10417000FEF764FC18B1FFE7FCF75AFCFFE70F20DD
:10418000039002210491002005904FF48062069272
:10419000079003A8FEF738FA18B1FFE7FCF748FCD0
:1041A000FFE77021C4F242210120086016B080BDF3
:1041B0007047000080B540F6C010C2F20000FFF763
:1041C000CDF980BD83B00290019102980068009003
:1041D000029842F60041C4F2010188421DD0FFE777
:1041E0000298B0F1804F18D0FFE7029840F20041EA
:1041F000C4F20001884210D0FFE7029840F60001A7
:10420000C4F20001884208D0FFE7029840F600415E
:10421000C4F2000188420AD1FFE7009820F0700044
:10422000009001984168009808430090FFE70298C9
:1042300042F60041C4F2010188421DD0FFE7029816
:10424000B0F1804F18D0FFE7029840F20041C4F26D
:104250000001884210D0FFE7029840F60001C4F246
:104260000001884208D0FFE7029840F60041C4F2FE
:10427000000188420AD1FFE7009820F440700090C6
:104280000198C168009808430090FFE7009820F06B
:1042900080000199496908430090009802990860DC
:1042A000019880680299C862019800680299886242
:1042B000029842F60041C4F20101884205D1FFE7AD
:1042C0000198006902990863FFE70299012048619B
:1042D00003B0704785B0049003910498006A019080
:1042E0000499086A20F00100086204984068009070
:1042F000049880690290029820F070000290029861
:1043000020F003000290039801680298084302908D
:10431000019820F0020001900398816801980843F9
:104320000190049842F60041C4F2010188420ED186
:10433000FFE7019820F0080001900398C1680198F8
:1043400008430190019820F004000190FFE70498D1
:1043500042F60041C4F20101884213D1FFE7009800
:1043600020F480700090009820F400700090039872
:1043700041690098084300900398816900980843B8
:104380000090FFE7009804994860029804998861BA
:10439000039840680499486301980499086205B03D
:1043A0007047000085B0049003910498006A019062
:1043B0000499086A20F01000086204984068009090
:1043C000049880690290029820F4E04002900298DC
:1043D00020F44070029003980168029840EA01209E
:1043E0000290019820F020000190039881680198C4
:1043F00040EA01100190049842F60041C4F2010124
:1044000088420FD1FFE7019820F0800001900398C7
:10441000C168019840EA01100190019820F0400025
:104420000190FFE7049842F60041C4F2010188427E
:1044300015D1FFE7009820F480600090009820F4E8
:104440000060009003984169009840EA8100009064
:1044500003988169009840EA81000090FFE7009886
:104460000499486002980499886103984068049907
:10447000886301980499086205B0704785B004907C
:1044800003910498006A01900499086A20F48070EE
:1044900008620498406800900498C06902900298ED
:1044A00020F070000290029820F003000290039820
:1044B0000168029808430290019820F4007001906E
:1044C00003988168019840EA01200190049842F61F
:1044D0000041C4F2010188420FD1FFE7019820F4A6
:1044E000006001900398C168019840EA01200190A2
:1044F000019820F480600190FFE7049842F60041A3
:10450000C4F20101884215D1FFE7009820F48050E1
:104510000090009820F400500090039841690098A2
:1045200040EA0110009003988169009840EA011068
:104530000090FFE700980499486002980499C861C8
:10454000039840680499C86301980499086205B00B
:104550007047000085B0049003910498006A0190B0
:104560000499086A20F4805008620498406800901A
:104570000498C0690290029820F4E04002900298EA
:1045800020F44070029003980168029840EA0120EC
:104590000290019820F400500190039881680198DE
:1045A00040EA01300190049842F60041C4F2010152
:1045B00088420BD1FFE7009820F4804000900398D8
:1045C0004169009840EA81100090FFE70098049943
:1045D000486002980499C861039840680499086487
:1045E00001980499086205B07047000080B5482022
:1045F000FCF7D8F940F6A000C2F2000045F23D11E8
:10460000C0F60001FCF728F940F6C800C2F200002D
:1046100045F2B111C0F60001FCF71EF940F6D47066
:10462000C2F2000002F018FB80BD000080B584B02B
:10463000039003980068006920F44050039A1168C1
:10464000D26810430861039988680A694969104370
:104650000843029003980068C06841F20C618843E7
:104660000299084303990968C86003980068406983
:1046700020F44070039A11689269104348610398CE
:10468000006843F60001C4F20101884204D1FFE74B
:10469000FEF728F9019003E0FEF712F90190FFE719
:1046A000019819214843039A116852689200B0FB9F
:1046B000F2FC48F21F52C5F2EB12ACFB0230430988
:1046C000642003FB10CC322000EB0C10A0FB020294
:1046D000F02000EA521000EB0310C2F34312104422
:1046E000886004B080BD0000FFE7FEE780B502F0FF
:1046F000C3FF80BD80B582B0019040F6A000C2F239
:10470000000040F29802C2F200024FF40071082348
:10471000FCF7F0F840F68000C2F2000001780131A9
:1047200001700078052813D1FFE740F68001C2F23E
:1047300000010020087040F6C800C2F2000040F2FC
:10474000D402C2F200022D210823FCF7D3F8FFE7C0
:10475000019800F6381001F06FFB40F6A000C2F29D
:10476000000040F28802C2F200020D210823FCF78B
:10477000C1F802B080BD000080B588B007900798EE
:1047800000F6381001F046FB0021CCF2A00106F043
:10479000A9FC06F0B9FB002248F20003C4F276033C
:1047A00005F0BEFE05F08AFE0799C1F8F00A0798E9
:1047B00000F29C4001F0D2FC0799C1F8F40A079876
:1047C00001F0DEFC4CF28F21C3F6F55106F030FE0D
:1047D0004FF0804106F086FC0799C1F8F80A079867
:1047E00000F29C4001F0CCFC0090079800F29C4045
:1047F00001F094FC0146009806F01AFE4CF6EF1109
:10480000C4F21811029106F013FE06F061FD07993B
:10481000A1F8B40A079800F29C4001F077FC06F07A
:1048200073FB40F29B42CFF65F1203924FF6247364
:10483000C3F6F363049306F07BF905F03FFE079996
:10484000C1F8B80A079801F09BFC0190079801F0A5
:1048500065FC0146019806F0EBFD029906F0E8FDC3
:1048600006F036FD0799A1F8CC0A079801F04EFC36
:1048700006F04AFB039A049B06F05AF905F01EFE67
:104880000799C1F8D00A0798D0F8D40A0021C4F2D9
:104890007A41059106F0CCFD06F01AFD0599ADF8B8
:1048A0001A000798D0F8BC0A06F0C2FD06F010FD09
:1048B000ADF818000798B0F8B40A40F2D401C2F27B
:1048C00000010880BDF8180048800798B0F8CC0AAD
:1048D0008880BDF81A00C8800798D0F8BC0A40F25A
:1048E000DC01C2F2000108600798D0F8D40A4860E1
:1048F00008B080BD81B0009001B0704780B598B01D
:10490000179004F005FA179890F8030B002840F070
:10491000B380FFE717991491D1F8E40AD1F8F01A9F
:1049200006F060FF01461498159190F9000B06F00F
:10493000EBFC0021CCF2343106F07AFD01461598EB
:1049400006F00EFB41F6F821C2F200010860FFE715
:1049500041F6F820C2F2000000680021C4F2B43130
:1049600006F0A6FB70B9FFE741F6F820C2F200009E
:10497000139000680021CCF2B43106F0F1FA1399DB
:104980000860E5E7FFE741F6F820C2F200000068A2
:10499000002106F086FB70B9FFE741F6F820C2F26D
:1049A0000000129000680021C4F2B43106F0D8FA79
:1049B00012990860E7E741F6F820C2F20000109073
:1049C000006802F0ABFD014610981191006802F0FA
:1049D000A5FD01460020C4F2B43006F003FF0146F5
:1049E000119806F05EFB48B9FFE741F6F820C2F2E5
:1049F0000000006802F092FD16900EE041F6F820EB
:104A0000C2F20000006802F089FD01460020C4F2F5
:104A1000B43006F0E7FE1690FFE716980021C4F2C6
:104A2000B42106F045FB30BBFFE7179991F8000B66
:104A3000B0FA80F0400981F8000B17990E91D1F877
:104A4000E40AD1F8F01A06F0CDFE01460E980F9157
:104A500090F9000B06F058FC0021CCF2343106F03E
:104A6000E7FC01460F9806F07BFA41F6F821C2F206
:104A700000010860FFE70CE01799D1F8E40AD1F8CB
:104A8000F01A06F0AFFE41F6F821C2F2000108600C
:104A9000FFE7179890F8020BB0BBFFE741F6F8204C
:104AA000C2F2000000680021C4F2343106F000FBBD
:104AB00070B9FFE741F6F820C2F200000D900068DF
:104AC0000021CCF2B43106F04BFA0D9908601AE0DF
:104AD00041F6F820C2F2000000680021CCF2343127
:104AE00006F0DFFA70B9FFE741F6F820C2F20000E5
:104AF0000C9000680021C4F2B43106F031FA0C9930
:104B00000860FFE7FFE7FFE71798D0F8F00A41F6E3
:104B1000F821C2F20001096806F022FA41F6FC21F0
:104B2000C2F200010991086040F24811C2F200018E
:104B300004914FF07E5008601798059090F8001B84
:104B40000120002918BF4FF0FF3006F0DDFB05996A
:104B5000D1F8EC1A06F06CFC4CF28F21C3F6F5513B
:104B6000069106F0BFFA0146084606F0F9F942F64A
:104B7000E061C4F26521079106F05AFC04990968C6
:104B800006F056FC0146059801F002FB06991798BD
:104B90000890D0F8F80A06F0A5FA0146084606F093
:104BA000DFF9079906F044FC0146089801F0DEFAA7
:104BB0000999179800F29C40096801F0B7FA179913
:104BC00001F29C40D1F8F01A01F096FA179901F21F
:104BD0009C40D1F8F41A01F0C9FA179801F0E2FAF2
:104BE000179800F29C4001F0DDFA179800F29C4003
:104BF00001F0C6FB06F06CFB1799A1F8C80A1798DC
:104C000001F0BEFB06F064FB1799A1F8E00A1798C3
:104C100000F29C4001F0B4FB06F076F940F29B42B2
:104C2000CFF65F120A924FF62473C3F6F3630B9329
:104C300005F07EFF05F042FC1799C1F8BC0A1798F1
:104C400001F09EFB06F060F90A9A0B9B05F070FFDD
:104C500005F034FC1799C1F8D40A179801F0F4FF55
:104C600060B9FFE7179800F29C400021039101F022
:104C70008FFB0399179801F08BFB1DE0179901F545
:104C8000176001F6082100F069FB179800F29C41BB
:104C90000191B0F9CA0A06F037FB0146019801F00C
:104CA00077FB17980290B0F9E20A06F02DFB014657
:104CB000029801F06DFBFFE704F056F818B080BDD4
:104CC00080B584B003900291019203980068029924
:104CD00006F0E7F920B9FFE70298039908600BE0B6
:104CE00003980068019906F0E3F920B9FFE70198FD
:104CF00003990860FFE7FFE704B080BD84B003902C
:104D00008DF80B10039840F6A001C2F20001884212
:104D100027D1FFE79DF80B000A38014600910328D0
:104D20001CD80099DFE801F002080E1440F2700070
:104D3000C2F20000019011E040F27800C2F20000DF
:104D400001900BE040F28000C2F20000019005E00B
:104D500040F28800C2F200000190FFE7019804B021
:104D60007047FEDE85B004908DF80F10049840F671
:104D7000A001C2F2000188425BD1FFE79DF80F005D
:104D80000138014601910A2852D80199DFE801F063
:104D9000060C131A21272E353C42490040F2980098
:104DA000C2F20000029043E040F29800C2F200001C
:104DB000023002903CE040F29800C2F20000043061
:104DC000029035E040F29800C2F2000006300290F6
:104DD0002EE040F29000C2F20000029028E040F283
:104DE0009000C2F200000230029021E040F29000F8
:104DF000C2F20000043002901AE040F29000C2F2C9
:104E000000000630029013E040F2A000C2F2000061
:104E100002900DE040F2A000C2F2000002300290C9
:104E200006E040F2A000C2F2000004300290FFE76A
:104E300063E0049840F6C801C2F2000188425BD1E9
:104E4000FFE79DF80F000138014600910A2852D86B
:104E50000099DFE801F0060C131A21272E353C4299
:104E6000490040F2EC00C2F20000029043E040F240
:104E7000EC00C2F20000023002903CE040F2EC0094
:104E8000C2F200000430029035E040F2EC00C2F2C1
:104E90000000063002902EE040F2E400C2F2000072
:104EA000029028E040F2E400C2F2000002300290DA
:104EB00021E040F2E400C2F20000043002901AE067
:104EC00040F2E400C2F200000630029013E040F22B
:104ED000F400C2F2000002900DE040F2F400C2F2D1
:104EE00000000230029006E040F2F400C2F200003E
:104EF00004300290FFE7FFE7FFE7029805B0704734
:104F000010B586B000F0F8F941F20400CEF20000CE
:104F10000068059040F24410C2F200000168059854
:104F2000401A40F23811C2F200010860086840F2ED
:104F3000281EC2F2000EDEF80020B0FBF2F240F6AE
:104F40006800C2F2000000230293436002600A6816
:104F5000D0F800C04168DEF800E0ACFB0EC401FBF5
:104F60000E41B2EB0C0C63EB010240F67001C2F291
:104F700000010391C1F800C04A60006840F2D832D5
:104F8000C2F20002049210600868496840F22C12D4
:104F9000C2F2000201921268FBF795F9DDF804C035
:104FA000029B049A014603989180016840689288A8
:104FB000DCF800C002FB0CF28A1A60F1000040F637
:104FC0007801C2F200010A6048600868496840F24E
:104FD0003012C2F200021268FBF775F90499C8801A
:104FE00006B010BD80B58AB0DDF830C009900891D8
:104FF00007920693099808990091401A06F084F9DF
:10500000009901900798401A06F07EF90146019830
:1050100006F068F80590059802900C98069903919F
:1050200006F0E0FB0146029806F002FA039905F04B
:1050300097FF049004980AB080BD000080B582B04C
:10504000FFF75EFF40F2D831C2F20001086843F674
:105050000952424388884FF47A73584300EB821018
:10506000C98808440021019100900098019902B07C
:1050700080BD000084B003900291039801900298D3
:105080000090019840780099087001980078009984
:10509000487004B07047000080B58EB00D908DF858
:1050A00033100B920A939DF83300C008059000203E
:1050B00006909DF833008007002818D5FFE70120EF
:1050C00007900B98C0F34F3000900B98C0009DF8EC
:1050D000331001F0030140EA410001900A98C0F347
:1050E0004F3002900A98C0000630039011E0002073
:1050F000079000900B9949019DF8332002F00202BD
:1051000041EA0211019102900A9840011030039087
:10511000FFE79DF83300C0F3800004900E20099053
:10512000012008900D986946FBF760FD18B1FFE774
:10513000FBF77EFCFFE70EB080BD000080B582B0BB
:1051400001900198006800900D2822D0FFE7009898
:1051500040F20121884206D0FFE7009840F2022188
:1051600088420CD021E0019800F11C0140F6D47077
:10517000C2F2000000F29C4000F0E2FF15E001984E
:1051800000F11C0140F6D470C2F2000000F0D8FF1C
:105190000BE0019800F11C0140F6D470C2F200004F
:1051A00000F6381000F03CFEFFE702B080BD0000C2
:1051B00080B586B005900598006801901A380228DD
:1051C0001AD3FFE701981E2816D0FFE701982A3866
:1051D000042819D3FFE701983A38042814D3FFE7CD
:1051E000019840F20E21884216D0FFE7019840F264
:1051F0000F21884228D036E0059940F6D470C2F2DB
:10520000000001F057FB2FE0059940F6D470C2F280
:10521000000001F0FBFB27E00020049003900598BC
:10522000C06904900598006A0390049940F6D47010
:10523000C2F2000000F51760009000F025FD009814
:10524000039900F029FD0FE0002002900598C06945
:105250000290029940F6D470C2F2000000F5176087
:1052600000F060FB00E0FFE706B080BD80B582B0D3
:1052700001900198002105F01BFF18B9FFE7019884
:10528000009004E0019880F000400090FFE7009853
:1052900002B080BD80B582B000900098FFF7E6FFB5
:1052A0004FF0525105F0F6FE20B9FFE74FF07E5067
:1052B000019007E0009802F035FA009905F012FF1E
:1052C0000190FFE7019802B080BD000080B582B078
:1052D000019000910198009906F084FA02F01EF9FD
:1052E0004CF2AC51C3F2277105F0E9FE002818BF5B
:1052F000012002B080BD000081B041F20400CEF276
:10530000000000680090009840F24011C2F20001D5
:105310000968884208D2FFE740F24411C2F2000156
:10532000086801300860FFE7009840F24011C2F2BF
:105330000001086001B0704780B582B0019001980B
:1053400040F6DB71C4F2490106F072F80021C4F2A4
:10535000F01105F0C7FE02B080BD000080B5A2B01C
:10536000219020912198159000201F901E901D9053
:105370001C901B90FFE71B98072800F39880FFE71D
:105380001B9800EBD07121F00101401A38BBFFE7F8
:1053900020981B99149101EB410100EBC10013907F
:1053A000B0F91C0005F0B0FF139A149B0146159844
:1053B000526ADBB200F018FC20991B9A02EB420201
:1053C00001EBC201886220981B9901EB410100EBBF
:1053D000C100816A1F9805F0C3FD1F9026E0209848
:1053E0001B99129101EB410100EBC1001190B0F942
:1053F0001C0005F089FF119A129B01461598526A0C
:10540000DBB200F0F1FB20991B9A02EB420201EBA8
:10541000C201886220981B9901EB410100EBC10099
:10542000816A1E9805F09CFD1E90FFE71B9800EB1B
:10543000D07121F00101401AD0B9FFE720981B99E3
:1054400001EB410100EBC100806A002105F030FE54
:1054500060B9FFE720981B9901EB410100EBC10007
:10546000816A1D9805F07CFD1D9000E0FFE719E0C2
:1054700020981B9901EB410100EBC100806A0021DB
:1054800005F016FE60B9FFE720981B9901EB41017A
:1054900000EBC100816A1C9805F062FD1C9000E0E1
:1054A000FFE7FFE7FFE71B9801301B9063E71598C4
:1054B00090F89400012850D1FFE720980168806996
:1054C00006F090F94FF07E5105F04AFD0021C4F23C
:1054D000A00105F0ADFF40F66021C2F2000110917D
:1054E000086040F66420C2F200000068096805F018
:1054F00037FD4FF0804105F0F5FD01461098016041
:105500000068002105F0CDFD38B9FFE740F66021C5
:10551000C2F2000100200860FFE740F66020C2F2FE
:10552000000000680021C4F2702105F0C1FD48B9F7
:10553000FFE740F66021C2F200010020C4F27020B3
:105540000860FFE740F66020C2F20000006840F605
:105550006421C2F20001086006E040F66021C2F258
:10556000000100200860FFE71F9840F66021C2F2AA
:1055700000010A91096805F0F3FC0A9940F69C02C3
:10558000C2F200020F9210601E98096805F0E8FC54
:105590000A9940F65C22C2F200020D9210601D983A
:1055A000096805F0DDFC0A9940F69802C2F2000293
:1055B0000C9210601C98096805F0D2FC0D99024607
:1055C0000F9840F65823C2F200030B931A6000684C
:1055D000096805F0C5FC0B9902460C98209BDA601F
:1055E0000068096805F0BCFC0D9A0F9B01461598F0
:1055F000DDF880C0CCF81010209912681B6809688B
:1056000040F6542EC2F2000EEC46CCF808E040F60C
:10561000940EC2F2000ECDF838E0CCF804E0CCF8DD
:10562000002049F69A12C3F6197200F083F90E9819
:105630000F990068096805F042FDF0B9FFE7002006
:105640001A90FFE71A98072816DCFFE71A9800EB74
:10565000D07121F00101401A48B9FFE720981A994A
:1056600001EB410100EBC101088E4886FFE7FFE72F
:105670001A9801301A90E5E776E040F69400C2F2FD
:105680000000006840F69801C2F20001096805F0C8
:1056900029FD2099486000201990FFE719980728F4
:1056A00061DCFFE7199800EBD07121F00101401A8D
:1056B000002853D1FFE72098199901EB410100EB35
:1056C000C100806A002105F0ECFC48B9FFE7209892
:1056D000199901EB410100EBC101088E48863EE0BB
:1056E0001598209A199901EB410102EBC1011C3177
:1056F00013685268EC46CCF800200022099200F0B2
:1057000061FA20981999089101EB410100EBC10061
:105710000790B0F91C0005F0F7FD079ADDF820C0EE
:1057200001461598536AD26A5FFA8CFCEE46CEF8B1
:1057300000C000F041F905F0E7FB099A49F6B223F1
:10574000C4F2E90305F0F4F905F034F92099199A47
:1057500002EB420201EBC2014886FFE7FFE719981E
:10576000013019909AE7FFE740F65420C2F200009A
:10577000006840F65C21C2F20001096805F09FFC58
:10578000F0B9FFE700201890FFE71898072816DC0B
:10579000FFE7189800EBD07121F00101401A48B1E1
:1057A000FFE72098189901EB410100EBC101088E39
:1057B0004886FFE7FFE7189801301890E5E776E0A4
:1057C00040F65420C2F20000006840F65821C2F2B0
:1057D0000001096805F086FC209988600020179078
:1057E000FFE71798072861DCFFE7179800EBD071F7
:1057F00021F00101401A002853D0FFE720981799A3
:1058000001EB410100EBC100806A002105F049FC79
:1058100048B9FFE72098179901EB410100EBC1015E
:10582000088E48863EE01598209A179901EB4101B1
:1058300002EBC1011C3113689268EC46CCF80020E1
:105840000022069200F0BEF920981799059101EB0D
:10585000410100EBC1000490B0F91C0005F054FDBB
:10586000049ADDF814C001461598536AD26A5FFAAB
:105870008CFCEE46CEF800C000F09EF805F044FB2C
:10588000069A49F6B223C4F2E90305F051F905F08E
:1058900091F82099179A02EB420201EBC201488667
:1058A000FFE7FFE71798013017909AE7FFE700201E
:1058B0001690FFE71698072831DCFFE72098169925
:1058C00001EB410100EBC100B0F93200B0F5804FAF
:1058D0000ADBFFE72098169901EB410100EBC101BB
:1058E0004FF480404886FFE72098169901EB41016C
:1058F00000EBC100B0F9320010F5804F0ADCFFE781
:105900002098169901EB410100EBC1014FF4404092
:105910004886FFE7FFE7169801301690CAE722B0E5
:1059200080BD000082B00190009101990098C8608C
:1059300002B0704780B58AB0DDF838C0DDF834C0F9
:10594000DDF830C0099008910792069308980799EE
:1059500005F06EFD05900898019007994FF07E5074
:1059600005F040FF0146019805F062FD049006989D
:10597000059905F09DFB18B9FFE70598039002E033
:1059800006980390FFE70898039905F02BFF049011
:105990000C98049905F08CFB18B9FFE70498029065
:1059A00002E00C980290FFE703980D9908600298B6
:1059B0000E9908600AB080BD80B59EB084462098DC
:1059C000CDF874C01C911B921A938DF867001D9836
:1059D0000E901C98FFF7B0FC0E991C9000201490BC
:1059E00018901C98129009680F9101F097FD0E9A7B
:1059F00001460F98536811939268109205F018FDB4
:105A0000109905F0ADFA01461B9805F0EBFE4FF03A
:105A1000814105F00DFD119905F00AFD12991390D1
:105A2000084605F005FD139905F09AFA17901A98A3
:105A30001C9905F0FDFC149905F03AFB30B9FFE71D
:105A40001B980021FFF742FC48B1FFE71A98189015
:105A500041F60431C2F2000100200870A2E017985C
:105A60000021FFF733FCA8B1FFE70E981C9981F0E5
:105A700000410D914168084605F072FA01460D9803
:105A800005F030FB189041F60431C2F2000101200C
:105A9000087086E01798002105F00AFB00286AD1FB
:105AA000FFE71C980990179804F0F2FC099905F09B
:105AB00099FE01460E980A914168084605F050FA91
:105AC00001460A9805F00EFB16901C9880F00040E5
:105AD0000B90179804F0DCFC01460B9805F082FE51
:105AE00001460E980C914168084605F039FA0146C6
:105AF0000C9805F0F7FA15901A98002105F0D8FADD
:105B000018B9FFE71698089002E015980890FFE78B
:105B10000898189041F60431C2F200010220087082
:105B20001C9803901A99029101F0F8FC0E9A1168E2
:105B3000536805939268079205F07AFC0299024631
:105B40000398049205F074FC049905F009FA069094
:105B50001A99084605F06CFC059905F069FC069950
:105B600005F0FEF9079905F0FBF941F60031C2F2A4
:105B70000001086014E00E981C9981F00041019129
:105B80004168084605F0ECF90146019805F0AAFACB
:105B9000189041F60431C2F2000103200870FFE7BB
:105BA000FFE7FFE718981EB080BD000082B00190AB
:105BB0008DF8031001999DF8030081F8940002B05C
:105BC0007047000080B586B0DDF820C005900491D4
:105BD0000392029304980190C068089905F028FC8C
:105BE0000199086106B080BD80B58CB00B900A9118
:105BF00009928DF823300B9800900A98FFF79CFBD0
:105C00000290099801900A98FFF796FB01F086FC34
:105C1000009A1168536804939268069205F008FC94
:105C2000019902460298039205F002FC039905F0DF
:105C300097F905900999084605F0FAFB049905F0D3
:105C4000F7FB059905F08CF9069905F089F907909D
:105C500007980CB080BD000080B58CB00B900B98FD
:105C60000168099141680A911030019003A80290DF
:105C700009A901F05BF90198029901F0B7F80298BF
:105C800001F094F90CB080BD82B0019000910199AF
:105C90000098086002B0704782B0019000910199AD
:105CA0000098486002B0704780B582B001900199B9
:105CB00000914DF20A70C3F6234008600020C4F240
:105CC000FA30486043F23330C3F6537088604FF6C1
:105CD0007210C3F67F70C86001F11000CA684CF200
:105CE000AC51C3F2277101F0D9F8009802B080BD21
:105CF00080B582B0019001980090103001F0F2F868
:105D0000009802B080BD000080B590B00F900F9851
:105D10000B90006820300C90FFF790F901900199EA
:105D200040F68400C2F2000009900160006840F66D
:105D30008801C2F200010A910968401A05F0FCFAD4
:105D400001460B9840F69002C2F2000204921160E4
:105D50000C99D1F80310C161C06904F05AFE002209
:105D6000059248F20003C4F27603069304F0E0FEC5
:105D700002460B9802920391C08804F04AFE024644
:105D800002980B46039904F07FFC04F097FB014650
:105D90000B984162406A0021C4F2E14101F002FC2B
:105DA0000B998862C869096A401A05F0ADFA04992E
:105DB000096805F097F905F0A7F8059A48F28043BD
:105DC000C4F22E1304F0B4FE059A069B04F0B0FE54
:105DD00002460B9807920891C08804F01AFE02460A
:105DE00007980B46089904F04FFC04F067FB0999EB
:105DF0000A9A03460B98C362C3690362096811607B
:105E0000007E20B9FFE70B9901200876FFE710B06C
:105E100080BD000081B000900098806A01B070479A
:105E200080B582B001900091019801690131016152
:105E3000FFF76AFF02B080BD80B584B0039003987D
:105E4000042180F83010017980F83110012180F8A8
:105E500032109DF80B1080F83710DDF80710C0F8ED
:105E6000331000F04FF804B080BD000010B586B0CC
:105E70008C46864609980899CDF814E0CDF810C0F4
:105E80008DF80F208DF80E30ADF80C108DF80B004A
:105E9000059801900498006846F20041C4F20001A0
:105EA000884207D1FFE7019940F2A800C2F2000042
:105EB000086010E00498006846F60001C4F2000192
:105EC000884207D1FFE7019940F2FC00C2F20000CE
:105ED0000860FFE7FFE701999DF80F00087104983B
:105EE0009DF80F10FEF70AFF0199C8609DF80E009B
:105EF0000872BDF80C00C8809DF80B00487206B00F
:105F000010BD000081B00090009AD168106B526BF8
:105F10004A60086001B0704781B00090009800218D
:105F2000016141610176417601B0704780B58AB068
:105F3000099009980490D0F818042030059005982D
:105F400008A9FFF797F8059802300DF11E01FFF739
:105F500091F80598043007A9FFF78CF805980630EA
:105F60000DF11A01FFF786F8049890F82C04012827
:105F70002CD1FFE70499BDF82000D1F85824801AED
:105F8000ADF82200BDF92200B1F82E144A42C1EB4F
:105F9000D271B0EB610F07DAFFE70499D1F8600422
:105FA0000130C1F8600410E00499BDF92200B1F895
:105FB0002E14B0EB510F07DDFFE70499D1F8600410
:105FC0000138C1F86004FFE7FFE7FFE70498D0F865
:105FD0006014B0F82E24BDF8203001FB0231C0F867
:105FE0005C14D0F824140191D0F85C0405F08CF90D
:105FF000014604980091B0F82E0405F09DF9014681
:10600000009805F06FF80146084604F0A9FF40F635
:10601000DB71C4F2490105F00BFA019905F062F851
:1060200001460498C0F84414D0F824140391D0F821
:106030005C0405F069F9014604980291B0F82E0459
:1060400005F07AF90146029805F04CF80021C4F2F7
:10605000B43105F0EDF9039905F044F80499C1F85D
:106060004004BDF91E0005F04FF947F25071C3F628
:10607000D65105F0DDF90499D1F8241405F032F871
:106080000499C1F84804BDF91E0005F03DF900214E
:10609000C4F2C00105F0CCF90499D1F8241405F03C
:1060A00021F80499C1F84C04BDF91C0005F02CF945
:1060B0000499C1F85004BDF91A0005F025F949F218
:1060C0003331C4F2883104F04BFF01460498C0F824
:1060D0005414BDF81E10A0F86814BDF82010C0F8C4
:1060E000581490F82C0428B9FFE70499012081F88E
:1060F0002C04FFE70AB080BD82B0019000910199A5
:106100000098C1F8740402B07047000081B000909C
:106110000098D0F8500401B07047000081B00090A2
:106120000098D0F8240401B07047000082B00190BC
:10613000009101990098C1F8700402B07047000006
:1061400080B582B0019000910198D0F834140131EB
:10615000C0F83414FFF7EAFE02B080BD81B00090B1
:106160000098D0F84C0401B07047000082B0019054
:10617000009101990098C1F87C0402B070470000BA
:1061800081B000900098D0F8480401B0704700003A
:1061900082B00190009101990098C1F8780402B092
:1061A0007047000080B588B007900798059090F878
:1061B0006C0401460691032872D80699DFE801F0C5
:1061C00002182E460598D0F82814D0F8900404F050
:1061D00089FF014605980491B0F8300405F094F861
:1061E0000146049805F024F90599C1F898045CE08B
:1061F0000598D0F82814D0F8900404F073FF0146F5
:1062000005980391B0F8300405F07EF80146039834
:1062100005F00EF90599C1F8980446E0059901F5D5
:1062200003700290D1F8781400F050FF029805999D
:10623000D1F87C1401F01AF9029800F051FF02988D
:1062400001F00CF90599C1F898042EE00598D0F8F2
:10625000701400F03BFF0598D0F8741401F006F9B3
:10626000059800F03DFF059801F0F8F80599C1F890
:10627000780401F503700190D1F8781400F026FF3E
:1062800001980599D1F87C1401F0F0F8019800F01C
:1062900027FF019801F0E2F80599C1F8980404E09D
:1062A00005990020C1F89804FFE7059800F04CF824
:1062B00008B080BD80B584B0DDF81CC0DDF818C022
:1062C000039002918DF807208DF806300398009016
:1062D0000298006846F20041C4F20001884208D1E9
:1062E000FFE7009940F2A800C2F20000C1F81804CC
:1062F00011E00298006846F60001C4F200018842ED
:1063000008D1FFE7009940F2FC00C2F20000C1F89A
:106310001804FFE7FFE700999DF8070081F81C04C7
:106320009DF8060081F86C040698C1F824040798CB
:10633000C1F8280402989DF80710FEF713FD009994
:10634000C1F8200404B080BD80B584B003900398E8
:106350000190D0F820140091D0F8980404F0B8FF10
:10636000009A01460198090A1170D0F82014029190
:10637000D0F8980404F0ACFF0299487004B080BDD6
:1063800081B000900098D0F8980401B070470000E8
:1063900080B582B00190009101980099C0F89814DE
:1063A000FFF7D2FF02B080BD80B582B001900198A6
:1063B000009001F065F8009800F5037001F060F8B6
:1063C0000098002180F82C144FF40052A0F82E24DD
:1063D0004FF48042A0F83024C0F83414C0F83814C8
:1063E00080F83C14032280F86C24C0F87014C0F8C4
:1063F0007414C0F87814C0F87C14C0F88014C0F885
:106400008414C0F88814C0F88C14C0F89014C0F834
:106410009414C0F8981402B080BD000080B584B018
:106420000390039901910020C1F8B8010290FFE7A1
:106430000199029889680131884223DAFFE7019ABD
:10644000029B02EB8300C06992F8B41101EB030CCC
:1064500091684B1C9CFBF3F101FB13C102EB810122
:10646000D1F8E810D2F8B821009204F0E1FF0099C9
:1064700004F076FD0199C1F8B801FFE702980130F8
:106480000290D5E704B080BD80B5B2B0DDF8DCC0C5
:10649000DDF8D8C0DDF8D4C0DDF8D0C0319030913F
:1064A0002F928DF8BB3031992391309808602F9846
:1064B00048609DF8BB0008733498086135984861BE
:1064C000369888613798886000202D90086989691E
:1064D000209140F6DB71C4F2C901219104F0A8FFBC
:1064E000209904F0FFFD2199239A2C90506992691C
:1064F000229204F09DFF229904F0F4FD01462398B6
:106500002B91007B01462491032800F26781249996
:10651000DFE801F0023A8EED00202A90FFE7239990
:106520002A988968013188422DDAFFE72C981E905D
:1065300040F6DB71C4F2490104F0D4FD1F902A98A3
:1065400004F0E2FE014623981D91806804F0DCFE11
:106550004FF0404104F0C6FD01461D9804F000FDD7
:106560001E9904F065FFFEF795FE01461F9804F0A2
:106570005FFF23992A9A01EB8201C861FFE72A98FD
:1065800001302A90CBE729E100202990FFE72399E9
:10659000299889680131884249DAFFE7299804F08F
:1065A000B3FE014623981691806804F0ADFE4FF0CB
:1065B0008041189104F096FD0146169805F012F9F5
:1065C00040F6DB71C4F24901179104F031FFFEF788
:1065D00061FE17991C902B981A9004F083FD1B9074
:1065E000299804F091FE014623981991806804F0DF
:1065F0008BFE189904F076FD0146199805F0F2F823
:106600001A9904F015FFFEF745FE01461B9804F0A9
:106610000FFF01461C9805F0E5F82399299A01EB34
:106620008201C861FFE7299801302990AFE7D5E0E2
:1066300000202890FFE72399289889680131884233
:1066400054DAFFE72B980D9040F6DB71C4F2490154
:106650000E9104F047FD1490289804F055FE014671
:1066600023980C91806804F04FFE4FF080410F9109
:1066700004F038FD01460C9805F0B4F80D9904F0CB
:10668000D7FEFEF707FE0E9913902C98119004F098
:1066900029FD1290289804F037FE014623981091A6
:1066A000806804F031FE0F9904F01CFD014610983B
:1066B00005F098F8119904F0BBFEFEF7EBFD0146DA
:1066C000129804F0B5FE139902461498159204F03E
:1066D000AFFE159905F086F82399289A01EB8201FF
:1066E000C861FFE7289801302890A4E776E00020F1
:1066F0002790FFE7239927988968013188426CDA4F
:10670000FFE7279804F000FE014623980191806876
:1067100004F0FAFD4FF08041079104F0E3FC0146DC
:10672000019805F05FF840F6DB71C4F2490106916B
:1067300004F07EFEFEF7AEFD069905902C980390BE
:1067400004F0D0FC0490279804F0DEFD0146239865
:106750000291806804F0D8FD079904F0C3FC01465B
:10676000029805F03FF8039904F062FEFEF792FDEF
:106770000146049804F05CFE059904F0F1FB0699CB
:106780000B902B98099004F0ADFC0A90279804F028
:10679000BBFD014623980891806804F0B5FD079978
:1067A00004F0A0FC0146089805F01CF8099904F0D3
:1067B0003FFEFEF76FFD01460A9804F039FE0146E0
:1067C0000B9805F00FF82399279A01EB8201C86115
:1067D000FFE72798013027908CE7FFE700202690FD
:1067E000FFE7239926988968013188420EDAFFE78E
:1067F0002398269900EB8100C1692D9804F0B0FB25
:106800002D90FFE7269801302690EAE7002025909A
:10681000FFE72399259889680131884210DAFFE75C
:1068200023982D99259A00EB82000090C06904F00E
:1068300059FC0099C861FFE7259801302590E8E7E9
:1068400032B080BD81B000900098D0F8B80101B09E
:106850007047000080B584B00390029103980190C6
:106860000168426802A8FEF72BFA0199029891F894
:10687000B42101EB8202C2F8E80091F8B4010130C2
:1068800081F8B40191F8B40189680131884205D1D9
:10689000FFE70199002081F8B401FFE704B080BD53
:1068A00081B000900098002180F8B411C0F8B811B0
:1068B00001B0704780B588B00790069107990391A1
:1068C0000020ADF81600ADF81400D1F8040B01302B
:1068D000C1F8040B1D208DF81200069800681A28D4
:1068E0005FD1FFE79DF812001D2809D1FFE7069848
:1068F000008CADF816000698408CADF814000EE040
:106900009DF812001A2809D1FFE70698808BADF890
:1069100016000698C08BADF81400FFE7FFE7BDF83E
:1069200016006A464FF60001C4F2FF510291116051
:106930004FF6FF7200231946FEF754FB0021C4F204
:10694000B43104F075FD029904F0CCFB0399C1F851
:10695000E40ABDF9140004F0D7FC0021C4F2C00120
:1069600004F066FD01460398C0F8E81AD0F8E80A7A
:106970000021C4F2343104F0B5FB40F6DB71C4F2FF
:10698000490104F055FD4CF28F21C3F6F55104F096
:106990004FFD4FF0804104F0A5FB0399C1F8EC0ACC
:1069A000FFE7069800681E282DD1FFE70020019020
:1069B0008DF811000698007F8DF811009DF81100E8
:1069C00004F0BAFC019902460398C0F8082A069A16
:1069D000D2F81D20C0F8202A069A92F821208DF8BE
:1069E00013209DF8132080F8192B8DF810100699AC
:1069F00091F822108DF8101000F517609DF8101016
:106A0000FFF7D4F8FFE708B080BD000080B58AB07A
:106A100009900891099805900020ADF81E00ADF886
:106A20001C00089800682A3801460691152800F2D3
:106A300009810699DFE811F016003F006800910017
:106A4000060106010601060106010601060106010E
:106A50000601060106010601BA00C400CE00D800F6
:106A6000F400E20005990898808BA1F8240A0898A0
:106A7000C08BADF81C00BDF91C0004F045FC0021E2
:106A8000C4F27A41049104F02DFB0599C1F82C0A57
:106A90000898008CA1F83C0A0898408CADF81E00BC
:106AA000BDF91E0004F030FC049904F01BFB0599AD
:106AB000C1F8440AC6E005990898808BA1F8540AE9
:106AC0000898C08BADF81C00BDF91C0004F01CFC3C
:106AD0000021C4F27A41039104F004FB0599C1F846
:106AE0005C0A0898008CA1F86C0A0898408CADF8F4
:106AF0001E00BDF91E0004F007FC039904F0F2FA31
:106B00000599C1F8740A9DE005990898808BA1F851
:106B1000840A0898C08BADF81C00BDF91C0004F075
:106B2000F3FB0021C4F27A41029104F0DBFA0599EB
:106B3000C1F88C0A0898008CA1F89C0A0898408C2F
:106B4000ADF81E00BDF91E0004F0DEFB029904F052
:106B5000C9FA0599C1F8A40A74E005990898808BD0
:106B6000A1F8B40A0898C08BADF81C00BDF91C0050
:106B700004F0CAFB0021C4F27A41019104F0B2FA98
:106B80000599C1F8BC0A0898008CA1F8CC0A0898AD
:106B9000408CADF81E00BDF91E0004F0B5FB019954
:106BA00004F0A0FA0599C1F8D40A4BE005990898B9
:106BB000C069C1F82C0A0898006AC1F8440A41E08B
:106BC00005990898C069C1F85C0A0898006AC1F87C
:106BD000740A37E005990898C069C1F88C0A0898CA
:106BE000006AC1F8A40A2DE005990898C069C1F8A7
:106BF000BC0A0898006AC1F8D40A23E005990898ED
:106C0000808BA1F83A0A0898C08BA1F86A0A089804
:106C1000008CA1F89A0A0898408CA1F8CA0A11E0E1
:106C200005990898808BA1F8520A0898C08BA1F8A2
:106C3000820A0898008CA1F8B20A0898408CA1F842
:106C4000E20AFFE70AB080BD81B00090009890F89A
:106C5000190B01B07047000080B592B011901198E7
:106C6000109000F60820DC21F9F729FC109800F5B7
:106C70000370694600230D930B62CB6141F26F22D2
:106C8000C3F683220A928A614B610B61CB604FF09D
:106C90008D420B928A604B600B600021C4F2F001C0
:106CA0001A4600F085FB0B9910986A4651604AF22B
:106CB0002C01C4F29911116040F6A001C2F200014A
:106CC0000E9102231A46FFF7F5FADDF828C00B9A59
:106CD0000D9B109800F29C400C9069460B62CB61B2
:106CE000C1F818C04B610B61CB608A604B600B60D0
:106CF0000021C4F2A0111A4600F05AFBDDF828C0AA
:106D00000B9A0D9B109800F5D56069460B62CB611C
:106D1000C1F818C04B610B61CB608A604B600B609F
:106D20000021C4F2C8111A4600F042FB0B9A0C98DD
:106D30000E996B465A600022C4F220121A6001229A
:106D40000F920323FFF7B6FA0D9A0E990F9B109836
:106D500000F63810EC46CCF804204FF48062CCF8F2
:106D600000200D22FFF782F8109800F51760FEF75B
:106D700073FF12B080BD000080B582B00190019811
:106D80000090FFF711FB009800F29C40FFF70CFB0E
:106D9000009800F63810FFF7BFF8009800F517606C
:106DA000FEF782FF0098002180F8011B80F8021B8B
:106DB00080F8031BC0F8041BC0F8081B80F80C1BEC
:106DC000C0F8101BC0F8141B80F8181B80F8191BA2
:106DD00002B080BD80B582B001900198009000F5AE
:106DE0001760FEF785FF009802B080BD80B592B0B5
:106DF000119010911198029010990AA8019000F03A
:106E0000ADF802980199483000F0D6F8019800F0EA
:106E1000CDF8109904A8039000F0A0F80298039907
:106E2000603000F0C9F8039800F0C0F812B080BDDF
:106E300080B5A2B021902198039011A8019000F094
:106E4000C7F80199039800F1080219A8009000F012
:106E500045FB00990398103000F022F9009800F0EB
:106E600019F9019800F016F90BA8029000F052F8F9
:106E700002990398303000F09FF8029800F096F8DD
:106E800005A8049000F046F803980499483000F0F3
:106E900093F8049800F08AF822B080BD80B584B0E1
:106EA00003900291019203980090022101600199E0
:106EB0004160029981600021C160103000F0DAF871
:106EC0000098303000F062F80098483000F05EF82A
:106ED0000098603000F01EF80098FFF7A9FF0098B6
:106EE00004B080BD80B582B0019001980090603000
:106EF00000F05CF80098483000F058F80098303006
:106F000000F054F80098103000F0C4F8009802B077
:106F100080BD000080B584B00390002102910191F2
:106F200001A900F003F804B080BD000080B584B072
:106F3000039002910398019000F028F80198029ABA
:106F4000116852684261034643F8101F0221012272
:106F500000F0A8FB019804B080BD000080B584B0AB
:106F6000039002910398019000F010F80198029AA2
:106F7000116952694261034643F8101F0221012240
:106F800000F090FB019804B080BD000080B582B095
:106F9000019001980090022181600122C26000F1FD
:106FA000100300F07FFB009802B080BD81B000901C
:106FB000009801B07047000082B00A46019000922C
:106FC0000198116952694261016102B07047000085
:106FD00080B58AB003900990002008900790069031
:106FE00005900490FFE7049803F013FD01900291CF
:106FF0000221084600F0C2FA024601980B460299A7
:1070000004F025F868B9FFE7049800EB400205A9F1
:107010004FF07E5041F82200FFE7049801300490C1
:10702000E1E7039805A900F003F80AB080BD00006D
:1070300080B584B0039002910398019000F01AF893
:107040000198DDF808C0DCF80010DCF80420DCF85A
:107050000830DCF80CC0C0F81CC0836142610346F4
:1070600043F8101F0222114600F01CFB019804B0E7
:1070700080BD000080B582B001900198009002228E
:107080008260C26000F11003114600F00BFB009813
:1070900002B080BD81B00090009801B07047000040
:1070A00082B08C460190CDF800C00198DCF8101039
:1070B000DCF81420DCF81830DCF81CC0C0F81CC068
:1070C00083614261016102B07047000082B00190AB
:1070D000009101990098C1F8000202B070470000C9
:1070E00080B59AB0199019991091002018901790B6
:1070F00016901590D1F80002D1F8041204F072FB3A
:1071000014901498FEF7B2F81099139013984968E8
:1071100003F0C7FF48B9FFE71099D1F80402C1F89E
:107120000002002014901390FFE71098D0F8DC01C3
:10713000149904F07DF9014610981891D0F8F401E3
:10714000002103F099FF60B1FFE71098D0F8F80133
:10715000002103F091FF20B1FFE74FF07E50129025
:107160003EE010991398D1F8F41103F093FF20B981
:10717000FFE74FF07E50129026E01098D0F8F4010F
:10718000139903F08EFFF0B9FFE710991398D1F827
:10719000F81103F086FFB0B9FFE71098D0F8F411AA
:1071A0000D91D0F8F8010E90139904F01BFB0D9986
:1071B00002460E980F9204F015FB01460F9803F05B
:1071C00091FF1290FFE7FFE710991398D1F8F8119B
:1071D00003F075FF18B9FFE700201290FFE7FFE703
:1071E0001098D0F8EC01002103F046FFD0B9FFE77A
:1071F000109800F502710C91D0F8E0110991D0F8C7
:10720000EC010A9080F0004003F06CFF09990246FF
:107210000A980B9203F066FF0B9902460C98FDF753
:107220004FFDFFE71098D0F8FC01002103F024FF88
:10723000D0B1FFE710991298096804F0F9F8109A94
:107240001499D2F80822089204F0F2F8089903F091
:1072500087FE1099C1F80802D1F8E001D1F80812B0
:1072600004F0E6F8179028E010991398D1F8FC1173
:1072700003F017FFD0B9FFE710991298096804F0DE
:10728000D7F8109A1499D2F80822079204F0D0F88F
:10729000079903F065FE1099C1F80802D1F8E001E2
:1072A000D1F8081204F0C4F8179005E010990020F6
:1072B000C1F808021790FFE7FFE71098007AA0B91D
:1072C000FFE7109801680691D0F8D411D0F8E401D6
:1072D0000590149804F086FA0146059804F0A8F881
:1072E000069903F0FFFE169014E0109A10680490BF
:1072F000D2F8D011D2F8D801D2F8E421039204F0E8
:1073000071FA0146039804F093F8049903F0EAFE39
:107310001690FFE71098D0F8CC11D0F8E821019230
:10732000D0F8000204F05EFA019904F081F815909B
:107330001898179903F014FE169903F011FE159989
:1073400003F00EFE0146109811910C300290119935
:10735000FFF780FA0298FFF761F80298FFF772FAD8
:1073600001461098C0F8D811D0F8F001002103F0C0
:1073700083FE50B9FFE7109901F5EC70D1F8F021C8
:1073800082F00041FDF79CFCFFE71099D1F8040260
:10739000C1F8C801D1F80002C1F8CC01D1F8D80178
:1073A000C1F8D0011498C1F8D4011AB080BD000012
:1073B00080B58AB084461498DDF84CE0DDF848E0EA
:1073C000DDF844E0DDF840E0DDF83CE0DDF838E0F1
:1073D000DDF834E0DDF830E0CDF824C00891079204
:1073E00006938DF8170009980899C0F8DC110799E1
:1073F000C0F8E0110699C0F8E4110C99C0F8E81142
:107400000D99C0F8EC110E99C0F8F01112990160B5
:10741000139941600F99C0F8F4111099C0F8F81150
:107420001199C0F8FC119DF8171001720C300E9ADA
:10743000EC460321CCF80C100021C4F27A41CCF8C0
:1074400008100023CCF804304FF08241CCF8001033
:1074500082F00041FFF718F80AB080BD81B00090BB
:107460000098D0F8D80101B07047000082B00190B8
:10747000009101990098C1F8040202B07047000021
:1074800080B582B00190019800900C30FFF708FAA7
:1074900000980021C0F8C811C0F8CC11C0F8D01174
:1074A000C0F8D411C0F8D811C0F8DC11C0F8E01150
:1074B000C0F8E411C0F8E811C0F8EC11C0F8F01100
:1074C000C0F8F411C0F8F811C0F8FC11C0F80012AF
:1074D000C0F80412C0F8081202B080BD80B586B0B2
:1074E00001900590049103920499009100218DF878
:1074F0000B10FFF7BFFD0098019A0399096800F08F
:10750000E5F801208DF80B009DF80B0020B9FFE78E
:107510000198FFF7BFFDFFE706B080BD81B0009086
:10752000009820F0004001B07047000080B58AB09C
:10753000099108900793069208980290099904917E
:10754000069A0192079B039303F08FFD019A039B18
:10755000049984460298BCF1000F944618BF8446F3
:10756000CDF814C003F081FD0399049A03460598F1
:10757000002B18BF11460AB080BD000080B584B052
:1075800003900291039803F044FA0090019102984D
:1075900003F03FFA024600980B460199FFF7C6FF39
:1075A00004B080BD80B582B001900091009901982F
:1075B00002F038FF02B080BD81B08DF803009DF964
:1075C000030000280ED4FFE79DF9031001F01F020D
:1075D000012090404A094EF20011CEF2000141F81C
:1075E0002200FFE701B070474EF60C50CEF20000CB
:1075F0000068C0F30220704782B08DF80700009148
:107600009DF9070000280AD4FFE7009800019DF9C2
:1076100007104EF20042CEF2000288540BE00098B0
:1076200000019DF8071001F00F014EF61452CEF242
:1076300000028854FFE702B07047000083B0029058
:10764000029800F0070000904EF60C51CEF20001B7
:107650000868019001984FF6FF02104001900198D0
:10766000009A40EA02200022C0F2FA521043019030
:107670000198086003B0704780B582B040F6D470BE
:10768000C2F200000190FFF777FB019946F6D55052
:10769000C0F6000040F20002C0F60002F8F78BFED0
:1076A00002B080BD83B00290ADF80610ADF80420A2
:1076B0000093BDF8060002990880BDF80400029905
:1076C000488000980299486003B0704780B588B040
:1076D00007900691059207984068049005984068C5
:1076E00003900799088849884843029002980190BE
:1076F000FFE7019878B1FFE70498011D0491006845
:10770000069903F095FE03990A1D039208600198FB
:1077100001380190EDE700208DF803009DF903008A
:1077200008B080BD80B590B00F900F984FF68311D0
:10773000C3F6226103F07CFE0C900C9803F0C8FDA8
:1077400008900C98002103F0ACFC20B9FFE70898E2
:1077500001380890FFE70C980690089803F0D4FDD4
:107760000146069804F03EF80C900C984FF08841C2
:1077700003F05EFE0790079803F0AAFDADF82E0017
:10778000BDF82E00B0F5007F0ADBFFE70020ADF862
:107790002E0007984FF0444103F0E2FB0790FFE70B
:1077A00007980190BDF82E0003F0C6FD0146019830
:1077B00004F018F80D90BDF82E104BF62810C0F606
:1077C000000050F821100A91BDF82E1000EB810046
:1077D000406809900D9902914FF07E5004F002F834
:1077E0000146029804910A990391099903F020FE39
:1077F000039902460498059203F01AFE059903F0D6
:10780000AFFB0E900E9810B080BD000070470000D6
:107810000020704780B582B000200190FAF702FE88
:10782000FCF788FCFCF7BCFAFCF76CFAFCF71AFAD8
:10783000FCF740FAFCF700FBFCF772FBFCF7D6FE06
:1078400000F034F8FCF786FA00F068F8FFE7FEE78E
:1078500080B586B00290EFF3058003900398A0B93D
:10786000FFE7EFF310800490049870B9FFE740F24F
:10787000D430C2F20000006802280AD1FFE7EFF31B
:1078800011800590059820B1FFE76FF00500019089
:1078900009E000200190029820B1FFE7029801F072
:1078A000A9FBFFE7FFE7019806B080BD84B0EFF3C6
:1078B000058001900198A0B9FFE7EFF310800290D6
:1078C000029870B9FFE740F2D430C2F200000068BD
:1078D00002280AD1FFE7EFF311800390039820B14B
:1078E000FFE76FF00500009014E040F2D430C2F2E0
:1078F0000000006848B9FFE740F2D431C2F200014D
:10790000012008600020009003E04FF0FF3000905D
:10791000FFE7FFE7009804B07047000080B584B02F
:10792000EFF3058001900198A0B9FFE7EFF3108015
:107930000290029870B9FFE740F2D430C2F2000022
:10794000006802280AD1FFE7EFF311800390039843
:1079500020B1FFE76FF00500009017E040F2D4304F
:10796000C2F20000006801280BD1FFE740F2D431D9
:10797000C2F200010220086001F0DAFB0020009052
:1079800003E04FF0FF300090FFE7FFE7009804B0FE
:1079900080BD0000B0B590B00B900A910992002014
:1079A0000590EFF305800D900D98002840F0B5800C
:1079B000FFE7EFF310800E900E98002840F0AD80A6
:1079C000FFE740F2D430C2F200000068022808D17C
:1079D000FFE7EFF311800F900F98002840F09D8093
:1079E000FFE70B98002800F09880FFE780200690C2
:1079F0001820049000208DF823000DF1230007903B
:107A00004FF0FF300390099800284DD0FFE7099808
:107A1000006820B1FFE7099800680790FFE7099820
:107A2000806920B1FFE7099880690490FFE7049816
:107A300048B1FFE70498382805D8FFE7099800798E
:107A4000C00718B1FFE700200C9069E00998406971
:107A500028B1FFE70998406980080690FFE7099878
:107A6000806880B1FFE70998C06884280BD3FFE7DE
:107A70000998006938B1FFE70998406918B1FFE734
:107A8000012003900FE00998806858B9FFE7099832
:107A9000C06838B9FFE70998006918B9FFE7002006
:107AA0000390FFE7FFE702E000200390FFE7039861
:107AB000012817D1FFE70B980799069A0A9BDDF872
:107AC00010C0DDF824E0DEF80850DEF81040EE4685
:107AD000CEF80850CEF80440CEF800C002F0ECF822
:107AE000059019E00398B0B9FFE70B980799BDF826
:107AF00018200A9BDDF810C0EE4605ACCEF8044015
:107B0000CEF800C002F088F8012803D0FFE700207B
:107B10000590FFE7FFE7FFE7FFE705980C90FFE719
:107B20000C9810B0B0BD000080B584B003900291F5
:107B300042F62040C2F200000068009040F65C303F
:107B4000C2F200000068043001F01EF808B9FFE737
:107B500000E0FFE70398013080B9FFE7029868B1C1
:107B6000FFE740F65C30C2F200000068011D42F6FB
:107B7000F830C2F2000001F0ADF83DE00098039942
:107B800008440190019840F65C31C2F20001096896
:107B900048600198009988420ED2FFE740F66C30A9
:107BA000C2F20000006840F65C31C2F200010968D0
:107BB000043101F059F81EE040F66430C2F20000D2
:107BC000006840F65C31C2F200010968043101F03E
:107BD0004BF8019842F69031C2F2000109688842E0
:107BE00007D2FFE7019842F69031C2F20001086027
:107BF00000E0FFE7FFE7FFE704B080BD80B582B09B
:107C0000019001F085F842F61831C2F200010868CF
:107C10000130086040F65C30C2F20000006898B99C
:107C2000FFE7019840F65C31C2F20001086042F6BD
:107C30001830C2F200000068012803D1FFE700F00D
:107C4000EFFA00E0FFE71CE042F6EC30C2F2000081
:107C50000068A0B9FFE740F65C30C2F2000000689F
:107C6000C06A0199C96A884207D8FFE7019840F6BF
:107C70005C31C2F20001086000E0FFE700E0FFE7CE
:107C8000FFE742F62830C2F20000016801310160CE
:107C90000068019988660198C06A42F62C31C2F2E8
:107CA00000010968884208D9FFE70198C06A42F6D6
:107CB0002C31C2F200010860FFE70199C86A00EBAD
:107CC000800240F67430C2F2000000EB8200043102
:107CD00001F000F801F048F842F6EC30C2F2000082
:107CE0000068C8B1FFE740F65C30C2F200000068EF
:107CF000C06A0199C96A88420CD2FFE74EF6045166
:107D0000CEF200014FF080500860BFF34F8FBFF3F9
:107D10006F8F00E0FFE700E0FFE702B080BD0000EA
:107D200080B584B000F0F4FF42F62440C2F20000B7
:107D30000068002840D1FFE742F63030C2F2000070
:107D4000029000F071FF42F64430C2F2000003904E
:107D500000F06AFF0299039840F66032C2F2000216
:107D6000116040F67031C2F20001086069460020DF
:107D7000086040F66822C2F2000240F60833C2F200
:107D800000030A20102101F055FB014642F6244071
:107D9000C2F200000160006860B1FFE742F62440D3
:107DA000C2F2000000684CF29C11C0F6000101F024
:107DB000C5F800E0FFE700E0FFE700F0D5FF04B002
:107DC00080BD000080B582B0FFE742F61C30C2F2F1
:107DD0000000006808B3FFE700F09AFF42F60C408D
:107DE000C2F20000C068C06801900198043000F041
:107DF000CBFE42F61831C2F2000108680138086073
:107E000042F61C31C2F2000108680138086000F037
:107E1000ABFF019800F08CF8D7E702B080BD0000FE
:107E200080B582B0019000910198006CB8B1FFE775
:107E30000199C8680A6C1044C86001984168C0681C
:107E4000884204D3FFE701990868C86000E0FFE7B3
:107E50000098019AD168126CF8F7B2FAFFE702B005
:107E600080BD000080B586B005900491039200208B
:107E700002900598806B01900598006C78B9FFE737
:107E80000598006848B9FFE70598406802F082F855
:107E9000029005990020486000E0FFE741E0039868
:107EA000B8B9FFE7059A04999068126CF8F788FA58
:107EB000059988680A6C1044886005984168806854
:107EC000884204D3FFE705990868886000E0FFE76F
:107ED00026E0059A0499D068126CF8F771FA0599B2
:107EE000C8680A6C801AC86005980168C068884232
:107EF00006D2FFE7059948680A6C801AC86000E05E
:107F0000FFE70398022809D1FFE7019820B1FFE7B6
:107F100001980138019000E0FFE700E0FFE7FFE78C
:107F2000FFE70198013005998863029806B080BD8B
:107F300080B582B00090009890F8810040B9FFE7CA
:107F40000098006B00F036FF009800F033FF1CE053
:107F5000009890F88100012804D1FFE7009800F014
:107F600029FF11E0009890F8810002280BD0FFE76C
:107F70004FF0500080F31188BFF36F8FBFF34F8F26
:107F80000190FFE7FEE7FFE7FFE702B080BD0000DA
:107F900082B0019040F66030C2F2000000680068D4
:107FA000B0FA80F04009019908600198006848B96A
:107FB000FFE740F66030C2F200000068C068006869
:107FC000009002E000200090FFE7009802B07047A8
:107FD00084B04FF48050009041F60530C2F20000AA
:107FE00001909DF80400400788B1FFE70198073031
:107FF0000190019820F007000190019A41F60531A7
:10800000C2F200010098891A08440090FFE7019825
:108010000290029942F6F030C2F2000001600021A5
:1080200041600298009A104401900198083801902C
:10803000019820F007000190019A40F66830C2F2E2
:1080400000000260026851600268116002990391A9
:108050000199039A891A516000680399086003988E
:10806000406842F68C31C2F2000108600398406813
:1080700042F68431C2F20001086042F65831C2F281
:1080800000014FF00040086004B0704780B582B036
:108090000190FFE7FFF796FE40F67430C2F2000051
:1080A000006802280CD3FFE74EF60451CEF200011F
:1080B0004FF080500860BFF34F8FBFF36F8F00E029
:1080C000FFE7E7E780B584B0DDF818C003900291C0
:1080D00001928DF80330029818B9FFE70698006006
:1080E00003E0019806990860FFE703980699C863C2
:1080F0000298069908640698012101F021FA9DF87A
:108100000300069981F84C0004B080BD80B588B0AA
:10811000DDF834C0DDF830C0DDF82CC0DDF828C053
:1081200006900591049203930C98006B04998900C2
:10813000A522F8F7BCF90C98006B049900EB8100BC
:1081400004380290029820F0070002909DF8080081
:10815000400758B1FFE74FF0500080F31188BFF39C
:108160006F8FBFF34F8F0790FFE7FEE7002001906E
:10817000FFE70198312813D8FFE70598019A805C42
:108180000C99114481F8340005980199405C08B9B4
:10819000FFE705E0FFE7FFE7019801300190E8E71E
:1081A0000C99002081F865000A98382803D3FFE76E
:1081B00037200A9000E0FFE70A980C99C8620A98F5
:1081C0000C9908670C990020009048670C980430BF
:1081D00000F042FD0C98183000F03EFD00980C991C
:1081E00009610A99C1F138010C9A91610C994962AF
:1081F0000C9988670C99C8670C9981F880000298DF
:108200000699039A00F098FC0C9908600B9820B12D
:10821000FFE70C980B99086000E0FFE708B080BD0D
:1082200080B584B000200390FFE70398372810D86A
:10823000FFE7039800EB800140F67430C2F20000C3
:1082400000EB810000F0F0FCFFE7039801300390A1
:10825000EBE742F65C30C2F20000019000F0E4FC73
:1082600042F67030C2F20000029000F0DDFC42F6EF
:108270009830C2F2000000F0D7FC42F60C40C2F287
:10828000000000F0D1FC42F6F830C2F2000000F02D
:10829000CBFC0199029840F66432C2F200021160F0
:1082A00040F66C31C2F20001086004B080BD0000ED
:1082B00083B0029042F6F030C2F200000190FFE776
:1082C000019800680299884205D2FFE7FFE701980C
:1082D00000680190F4E701980090009801994968BE
:1082E00008440299884209D1FFE70298426801993F
:1082F0004868104448600198029000E0FFE7029847
:1083000000900098029949680844019909688842D8
:1083100020D1FFE70198006840F66831C2F2000101
:10832000096888420DD0FFE7019800684268029909
:108330004868104448600198006800680299086025
:1083400007E040F66830C2F2000000680299086059
:10835000FFE704E00198006802990860FFE70198D0
:108360000299884204D0FFE702980199086000E072
:10837000FFE703B07047000080B586B00590049118
:108380000392029300200190049805994860059893
:10839000006104980399884216D8FFE70398029970
:1083A000401A05998969884203D3FFE701200190AB
:1083B00009E040F67030C2F200000068059904310F
:1083C00000F052FCFFE717E003980299884208D2B8
:1083D000FFE704980299884203D3FFE70120019048
:1083E00009E040F66030C2F20000006805990431EF
:1083F00000F03AFCFFE7FFE7019806B080BD0000FF
:1084000080B582B0019000F083FC0198806B18B9B0
:10841000FFE70120009002E000200090FFE700F05D
:10842000A3FC009802B080BD80B582B0019000F03E
:108430006FFC0198806B0199C96B884203D1FFE7FB
:108440000120009002E000200090FFE700F08CFC8B
:10845000009802B080BD000006480068006880F304
:10846000088862B661B6BFF34F8FBFF36F8F00DF2E
:1084700000BF000008ED00E080B586B004900391D5
:1084800040F66030C2F200000068C068C068019029
:108490000198043000F078FB0198C069012823D1CD
:1084A000FFE70198049B81691944039AFFF764FF71
:1084B000C0B1FFE70198049A694600230B60194692
:1084C00001F054FF0290029858B9FFE74FF05000B6
:1084D00080F31188BFF36F8FBFF34F8F0590FFE7D5
:1084E000FEE700E0FFE700E0FFE70198416A884708
:1084F00006B080BD80B58EB0FFE742F62440C2F2E0
:108500000000006807A9002201F032FA002800F0FC
:108510009780FFE70798B0F1FF3F17DCFFE707A858
:1085200004300290029858B9FFE74FF0500080F3F2
:108530001188BFF36F8FBFF34F8F0D90FFE7FEE7FA
:1085400002990A6848688968904700E0FFE7079841
:10855000002800F17480FFE70998069006984069AA
:1085600028B1FFE70698043000F00EFB00E0FFE7BB
:1085700005A800F0D9F803900798019009285CD865
:108580000199DFE801F005050534354F050534355F
:108590000698089B81691944039AFFF7EDFE20B302
:1085A000FFE70698416A88470698C06901281AD1F2
:1085B000FFE70698089982690A44694600230B6020
:1085C000194601F0D3FE0490049858B9FFE74FF024
:1085D000500080F31188BFF36F8FBFF34F8F0C9063
:1085E000FFE7FEE700E0FFE700E0FFE726E025E029
:1085F0000898069988610698806958B9FFE74FF096
:10860000500080F31188BFF36F8FBFF34F8F0B9033
:10861000FFE7FEE70698039B816919441A46FFF7B6
:10862000ABFE0BE0069890F82C0020B9FFE7069807
:1086300000F0C0FB00E0FFE700E0FFE7FFE75CE7DA
:108640000EB080BD80B584B00390029100F0E2FDD1
:10865000684600F069F801900098D8BBFFE70298DF
:1086600060B9FFE703980199884207D8FFE701F056
:108670006FFD03980199FFF7FFFE2AE0029858B1B9
:10868000FFE740F67030C2F2000000680068B0FA00
:1086900080F040090290FFE742F62440C2F2000059
:1086A00000680399019A891A029A00F071FC01F09E
:1086B0004FFD60B9FFE74EF60451CEF200014FF0D6
:1086C00080500860BFF34F8FBFF36F8F00E0FFE76C
:1086D000FFE702E001F03CFDFFE704B080BD0000D1
:1086E00081B040F66430C2F200000068006840B912
:1086F000FFE742F69031C2F200014FF0FF30086010
:108700000FE040F66430C2F200000068C068C06844
:1087100000900098406842F69031C2F20001086073
:10872000FFE701B07047000080B582B0019001F012
:1087300045FB0090009840F65831C2F200010968EC
:10874000884206D2FFE700F011F801990120086085
:1087500003E0019900200860FFE7009840F65831D7
:10876000C2F200010860009802B080BD80B588B0F8
:10877000FFE740F66030C2F20000006800680028A1
:108780004CD0FFE740F66030C2F200000168C968D3
:10879000096806910068C068C068039003980430B7
:1087A00000F0F2F90398416A88470398C0690128EC
:1087B00032D1FFE706980399896908440590059826
:1087C000069988420FD9FFE70598039948600398F6
:1087D000006140F66030C2F2000000680399043185
:1087E00000F042FA17E00398069A694600230B60EE
:1087F000194601F0BBFD0290029858B9FFE74FF00F
:10880000500080F31188BFF36F8FBFF34F8F079035
:10881000FFE7FEE7FFE700E0FFE7AAE740F6603288
:10882000C2F200021068049040F67031C2F20001FA
:10883000086810600498086008B080BD83B000200C
:10884000009040F20C00C2F200000068013058B104
:10885000FFE74FF0500080F31188BFF36F8FBFF335
:108860004F8F0290FFE7FEE74FF0500080F3118832
:10887000BFF36F8FBFF34F8F0190FFE7009808B9E8
:10888000FFE7FBE703B0704780B584B00390FFE7D4
:1088900001A8FFF77DFB029002980199FFF7D2FE35
:1088A000FFF728FEF4E7000080B582B0019000F0E9
:1088B0002FFA019890F845008DF80300FFE79DF925
:1088C0000300012816DBFFE70198406A58B1FFE773
:1088D0000198243001F0D4FB18B1FFE700F0D4FB7D
:1088E00000E0FFE700E005E09DF8030001388DF8A7
:1088F0000300E4E70199FF2081F8450000F034FA15
:1089000000F006FA019890F844008DF80200FFE7A5
:108910009DF90200012816DBFFE70198006980B18C
:10892000FFE70198103001F0ABFB18B1FFE700F052
:10893000ABFB00E0FFE79DF8020001388DF8020074
:1089400000E000E0E4E70199FF2081F8440000F036
:108950000BFA02B080BD000080B58AB006900020FE
:10896000029000F057FC40F66830C2F20000006848
:1089700018B9FFE7FFF72CFB00E0FFE7069842F687
:108980005831C2F200010968084240F0BE80FFE79A
:10899000069800B3FFE70698083006909DF8180087
:1089A0004007B0B1FFE7069820F0070008300690B6
:1089B0009DF81800400758B1FFE74FF0500080F3D2
:1089C0001188BFF36F8FBFF34F8F0990FFE7FEE76A
:1089D00000E0FFE700E0FFE70698002800F0938042
:1089E000FFE7069842F68431C2F200010968884226
:1089F00000F28980FFE742F6F030C2F200000490F6
:108A000000680590FFE705984168069A00209142AA
:108A1000019007D2FFE705980068002818BF0120E1
:108A20000190FFE70198C00730B1FFE70598049077
:108A3000059800680590E6E7059840F66831C2F2AF
:108A40000001096888425CD0FFE70498006808309C
:108A50000290059800680499086005984068069996
:108A6000401A112821D3FFE705980699084403907E
:108A70009DF80C00400758B1FFE74FF0500080F31D
:108A80001188BFF36F8FBFF34F8F0890FFE7FEE7AA
:108A9000059840680699401A039948600698059918
:108AA00048600398FFF704FC00E0FFE70598426880
:108AB00042F68430C2F200000168891A0160006841
:108AC00042F68C31C2F20001096888420BD2FFE7FE
:108AD00042F68430C2F20000006842F68C31C2F2E5
:108AE0000001086000E0FFE742F65830C2F20000E3
:108AF000026805994868104348600599002008609D
:108B000000E0FFE700E0FFE700E0FFE701F020FB07
:108B10009DF80800400758B1FFE74FF0500080F380
:108B20001188BFF36F8FBFF34F8F0790FFE7FEE70A
:108B300002980AB080BD000083B0029001910092BB
:108B400002980438029002994FF0807008600298F1
:108B500004380290019820F0010002990860029800
:108B600004380290029948F63D00C0F60000086003
:108B700002981438029000980299086002982038F0
:108B80000290029803B0704782B00190019800698A
:108B900000900198416880688860019948688968F8
:108BA0004860009840680199884205D1FFE7019824
:108BB00080680099486000E0FFE7019900200861A3
:108BC00000990868013808600098006802B0704792
:108BD00083B0029001910092029940F25030C2F2AB
:108BE00000000860019940F25010C2F200000860D5
:108BF00000998020086003B07047000083B00290A5
:108C000001910092029940F2E070C2F20000086007
:108C1000019940F2E030C2F20000086000994FF480
:108C20008070086003B0704781B00090009901F136
:108C30000800486000994FF0FF308860009901F10A
:108C40000800C860009901F108000861009900203F
:108C5000086001B07047000081B0009000990020CA
:108C6000086101B07047000084B00390029102983F
:108C7000006800900098013020B9FFE70398006970
:108C8000019010E0039808300190FFE701984068D8
:108C900000680099884205D8FFE7FFE7019840681F
:108CA0000190F3E7FFE70198406802994860029855
:108CB000416888600198029988600298019948602B
:108CC000039802990861039908680130086004B0AC
:108CD0007047000083B002900191029840680090B4
:108CE000009801994860009880680199886001980F
:108CF00000998968486001980099886002980199F4
:108D00000861029908680130086003B070470000EC
:108D100082B04FF0500080F31188BFF36F8FBFF324
:108D20004F8F019040F20C00C2F200000168013147
:108D300001600068012814D1FFE74EF60450CEF21E
:108D400000000068000658B1FFE74FF0500080F3C4
:108D50001188BFF36F8FBFF34F8F0090FFE7FEE7DF
:108D6000FFE702B07047000082B040F20C00C2F290
:108D70000000006858B9FFE74FF0500080F31188F9
:108D8000BFF36F8FBFF34F8F0090FFE7FEE740F216
:108D90000C00C2F20000016801390160006830B9BE
:108DA000FFE700200190019880F31188FFE702B0EF
:108DB0007047000080B586B0039003980290039836
:108DC000002855D0FFE702980838029002980190D9
:108DD0000198406842F65831C2F200010968084221
:108DE0000BD1FFE74FF0500080F31188BFF36F8F76
:108DF000BFF34F8F0590FFE7FEE70198006858B179
:108E0000FFE74FF0500080F31188BFF36F8FBFF37F
:108E10004F8F0490FFE7FEE70198406842F6583113
:108E2000C2F200010968084220D0FFE701980068FB
:108E3000D0B9FFE742F65830C2F20000026801994B
:108E400048689043486000F0E5F90198426842F6AE
:108E50008431C2F200010868104408600198FFF7ED
:108E600027FA01F075F900E0FFE700E0FFE7FFE710
:108E700006B080BD4EF21001CEF200010020086065
:108E80004EF21802CEF20002106040F20000C2F270
:108E90000000006844F6D352C1F26202A0FB020255
:108EA0004FF0FF3000EB92104EF21402CEF20002AF
:108EB000106007200860704784B0EFF305800190D0
:108EC000019810281ED3FFE701984EF2F031CEF240
:108ED0000001405C8DF803009DF8030042F6053167
:108EE000C2F20001097888420BDAFFE74FF0500028
:108EF00080F31188BFF36F8FBFF34F8F0390FFE7AD
:108F0000FEE7FFE74EF60C50CEF20000006800F4DA
:108F1000E06042F60831C2F20001096888420BD9CC
:108F2000FFE74FF0500080F31188BFF36F8FBFF35E
:108F30004F8F0290FFE7FEE704B0704783B00290C6
:108F4000019100200090FFE7009807281DD8FFE757
:108F5000009942F6AC30C2F2000050F8310070B90E
:108F6000FFE70198009A42F6AC31C2F2000141F8E5
:108F700032000298009A01EBC201486005E0FFE769
:108F8000FFE7009801300090DEE703B07047000073
:108F900080B584B003900291019203980090FFF78E
:108FA000B7FE009890F94400013028B9FFE7009916
:108FB000002081F84400FFE7009890F94500013057
:108FC00028B9FFE70099002081F84500FFE7FFF787
:108FD000CBFE0098806B38B9FFE7009824300299E7
:108FE000019A00F07BF800E0FFE70098FFF75CFCD7
:108FF00004B080BD80B584B002900020019002983A
:10900000E0B1FFE742F62430C2F20000006858B138
:10901000FFE74FF0500080F31188BFF36F8FBFF36D
:109020004F8F0390FFE7FEE700F0F4F8029800216D
:10903000FEF77AFD01F08CF8019000E0FFE701985F
:1090400060B9FFE74EF60451CEF200014FF08050B8
:109050000860BFF34F8FBFF36F8F00E0FFE704B0EE
:1090600080BD000081B0009042F69430C2F2000052
:1090700000680099086042F62040C2F200000068D3
:109080000099486001B0704742F62C41C2F20001DD
:10909000012008607047000080B584B00290019103
:1090A000029858B9FFE74FF0500080F31188BFF3E2
:1090B0006F8FBFF34F8F0390FFE7FEE7029840F6F4
:1090C0005C31C2F2000109681831FFF7CDFD01984B
:1090D0000121FEF729FD04B080BD000080B584B0F9
:1090E000029001910092029858B9FFE74FF05000AA
:1090F00080F31188BFF36F8FBFF34F8F0390FFE7AB
:10910000FEE7029840F65C31C2F2000109681831AE
:10911000FFF7E0FD009820B1FFE74FF0FF3001902E
:10912000FFE701980099FEF7FFFC04B080BD000046
:1091300080B58AB0002003900690059006A805A986
:1091400004AAFFF745FD039B049A0599DDF818C0B2
:109150006846C0F808C04160036048F28D00C0F660
:1091600000004CF29711C0F6000100F0A5FD014689
:1091700042F68830C2F200000160006818B1FFE7D3
:109180000120079002E000200790FFE707980128E0
:1091900004D1FFE701F0A0F8079000E0FFE707988F
:1091A000012825D1FFE74FF0500080F31188BFF36D
:1091B0006F8FBFF34F8F099042F69031C2F20001DA
:1091C0004FF0FF30086042F6EC31C2F2000101209E
:1091D000086042F62041C2F2000100200860FEF75C
:1091E00015FB00F0B3F808B1FFE700E0FFE70FE080
:1091F0000798013058B9FFE74FF0500080F311880D
:10920000BFF36F8FBFF34F8F0890FFE7FEE7FFE7D5
:109210000AB080BD42F62431C2F200010868013074
:109220000860704780B584B042F62430C2F2000076
:10923000006838B1FFE742F62C41C2F2000101207C
:10924000086081E042F62C41C2F200010020086073
:10925000FEF7DEFA014642F61030C2F2000001606D
:10926000006842F60C31C2F200010968884214D944
:10927000FFE742F61030C2F20000006842F60C31FF
:10928000C2F200010968421A40F65C30C2F20000E6
:109290000168886F1044886700E0FFE742F61030ED
:1092A000C2F20000006842F60C31C2F20001086010
:1092B00042F62C30C2F2000000680290FFE70298EC
:1092C00000EB800140F67430C2F2000050F821003B
:1092D00090B9FFE7029858B9FFE74FF0500080F3CC
:1092E0001188BFF36F8FBFF34F8F0390FFE7FEE747
:1092F000029801380290E2E7029800EB800140F604
:109300007430C2F2000000EB8100019001994868BE
:1093100040684860019948680831884205D1FFE7F4
:109320000199486840684860FFE701984068C06854
:1093300040F65C31C2F200010860029842F62C311E
:10934000C2F200010860FFE704B080BD80B586B0BE
:109350004EF20040CEF20000039001780491FF210C
:10936000017000788DF80B009DF80B0000F05000A4
:1093700042F60531C2F20001087042F60831C2F22D
:10938000000107200860FFE79DF80B000006002899
:109390000DD5FFE742F60831C2F200010868013836
:1093A00008609DF80B0040008DF80B00ECE742F6DA
:1093B0000830C2F20000006803280BD0FFE74FF02E
:1093C000500080F31188BFF36F8FBFF34F8F05906C
:1093D000FFE7FEE742F60831C2F20001086800022A
:1093E0000860086800F4E060086004984EF20041EC
:1093F000CEF2000108704EF62051CEF2000108684E
:1094000040F470000860086840F070400860FFF7A2
:1094100031FD40F20C01C2F2000100200190086011
:10942000FFF71AF8FFF7FEFEFFF708FA019806B0FB
:1094300080BD000080B590B084461298CDF828C059
:109440000991089207938DF81B000A9858B9FFE715
:109450004FF0500080F31188BFF36F8FBFF34F8F31
:109460000F90FFE7FEE7079858B9FFE74FF050006D
:1094700080F31188BFF36F8FBFF34F8F0E90FFE71C
:10948000FEE708990020039031B1FFE70998B0FA90
:1094900080F040090390FFE70398C00758B1FFE749
:1094A0004FF0500080F31188BFF36F8FBFF34F8FE1
:1094B0000D90FFE7FEE708990020029031B9FFE721
:1094C0000998002818BF01200290FFE70298C00702
:1094D00058B1FFE74FF0500080F31188BFF36F8F52
:1094E000BFF34F8F0C90FFE7FEE7502004900498E5
:1094F00050280BD0FFE74FF0500080F31188BFF3E6
:109500006F8FBFF34F8F0B90FFE7FEE70798059033
:10951000059888B1FFE70599012081F846000A986F
:109520000999089A9DF81B30DDF814C0EE46CEF874
:1095300000C0FEF7C7FD00E0FFE7059810B080BD52
:1095400080B584B00290019102980090009858B9BB
:10955000FFE74FF0500080F31188BFF36F8FBFF328
:109560004F8F0390FFE7FEE7FFF7D2FB00990B68F0
:10957000C86B0A6C00FB02304860009900208863C9
:1095800000990868886000990B68C86B0A6C0138FC
:1095900000FB0230C8600099FF2081F84400009968
:1095A00081F845000198D0B9FFE700980069A0B1A3
:1095B000FFE70098103000F063FD60B1FFE74EF662
:1095C0000451CEF200014FF080500860BFF34F8F7E
:1095D000BFF36F8F00E0FFE700E0FFE708E00098CF
:1095E0001030FFF721FB00982430FFF71DFBFFE749
:1095F000FFF7BAFB012004B080BD000080B592B037
:109600000C900B910A920993002008900C980490FA
:10961000049858B9FFE74FF0500080F31188BFF36A
:109620006F8FBFF34F8F1190FFE7FEE70B9900207C
:10963000039039B9FFE70498006C002818BF012097
:109640000390FFE70398C00758B1FFE74FF05000C1
:1096500080F31188BFF36F8FBFF34F8F1090FFE738
:10966000FEE7099900200229029007D1FFE704983C
:10967000C06B013818BF01200290FFE70298C007B5
:1096800058B1FFE74FF0500080F31188BFF36F8FA0
:10969000BFF34F8F0F90FFE7FEE700F073FB01462B
:1096A0000020019031B9FFE70A98002818BF012077
:1096B0000190FFE70198C00758B1FFE74FF0500055
:1096C00080F31188BFF36F8FBFF34F8F0E90FFE7CA
:1096D000FEE7FFE7FFF71CFB0498806B0499C96B5A
:1096E000884204D3FFE70998022834D1FFE70498A1
:1096F0000B99099AFEF7B6FB07900498406AA0B14F
:10970000FFE70498243000F0BBFC60B1FFE74EF6A1
:109710000451CEF200014FF080500860BFF34F8F2C
:10972000BFF36F8F00E0FFE710E0079860B1FFE73D
:109730004EF60451CEF200014FF080500860BFF3A6
:109740004F8FBFF36F8F00E0FFE7FFE7FFF70CFBE2
:1097500001200D9065E00A9828B9FFE7FFF704FBA8
:1097600000200D905DE0089830B9FFE705A8FFF7ED
:1097700079FC0120089000E0FFE7FFE7FFE7FFF733
:10978000F3FAFFF747FDFFF7C3FA049890F9440096
:10979000013028B9FFE70499002081F84400FFE771
:1097A000049890F94500013028B9FFE7049900209A
:1097B00081F84500FFE7FFF7D7FA05A80AA900F0EE
:1097C000C5F928BBFFE70498FEF72EFEC8B1FFE7F6
:1097D000049810300A99FFF75FFC0498FFF764F8CB
:1097E00000F0B6FC60B9FFE74EF60451CEF200017E
:1097F0004FF080500860BFF34F8FBFF36F8FFFE7CC
:1098000005E00498FFF750F800F0A2FCFFE707E03E
:109810000498FFF749F800F09BFC00200D9000E051
:1098200058E70D9812B080BD80B590B009900891AE
:109830000792069309980390039858B9FFE74FF0F1
:10984000500080F31188BFF36F8FBFF34F8F0C90E0
:10985000FFE7FEE708990020019039B9FFE7039878
:10986000006C002818BF01200190FFE70198C00795
:1098700058B1FFE74FF0500080F31188BFF36F8FAE
:10988000BFF34F8F0B90FFE7FEE7069900200229F8
:10989000009007D1FFE70398C06B013818BF012083
:1098A0000090FFE70098C00758B1FFE74FF0500065
:1098B00080F31188BFF36F8FBFF34F8F0A90FFE7DC
:1098C000FEE7FFF7F9FAEFF311814FF0500080F354
:1098D0001188BFF36F8FBFF34F8F0E910D900E98CD
:1098E00004900398806B0399C96B884204D3FFE707
:1098F0000698022830D1FFE7039890F845008DF8CC
:109900000B0003980899069AFEF7ACFA9DF90B0034
:109910000130B8B9FFE70398406A88B1FFE70398C0
:10992000243000F0ADFB48B1FFE7079820B1FFE716
:1099300007990120086000E0FFE700E0FFE700E092
:10994000FFE706E09DF80B000130039981F8450020
:10995000FFE70120059002E000200590FFE7049852
:109960000F900F9880F31188059810B080BD00000B
:1099700080B58EB009900891079200200690099852
:109980000390039858B9FFE74FF0500080F3118817
:10999000BFF36F8FBFF34F8F0D90FFE7FEE708997E
:1099A0000020019039B9FFE70398006C002818BF28
:1099B00001200190FFE70198C00758B1FFE74FF081
:1099C000500080F31188BFF36F8FBFF34F8F0C905F
:1099D000FFE7FEE700F0D6F901460020009031B91C
:1099E000FFE70798002818BF01200090FFE70098C4
:1099F000C00758B1FFE74FF0500080F31188BFF364
:109A00006F8FBFF34F8F0B90FFE7FEE7FFE7FFF786
:109A10007FF90398806B0290029830B3FFE70398B8
:109A20000899FEF7FDF902980138039988630398B5
:109A30000069A0B1FFE70398103000F021FB60B18E
:109A4000FFE74EF60451CEF200014FF0805008605F
:109A5000BFF34F8FBFF36F8F00E0FFE700E0FFE73A
:109A6000FFF782F901200A906DE0079828B9FFE717
:109A7000FFF77AF900200A9065E0069830B9FFE711
:109A800004A8FFF7EFFA0120069000E0FFE7FFE7E8
:109A9000FFE7FFF769F9FFF7BDFBFFF739F9039817
:109AA00090F94400013028B9FFE70399002081F8BC
:109AB0004400FFE7039890F94500013028B9FFE71B
:109AC0000399002081F84500FFE7FFF74DF904A84E
:109AD00007A900F03BF830BBFFE70398FEF790FCC6
:109AE000D0B1FFE7039824300799FFF7D5FA039820
:109AF000FEF7DAFE00F02CFB60B9FFE74EF60451EA
:109B0000CEF200014FF080500860BFF34F8FBFF3DB
:109B10006F8F00E0FFE705E00398FEF7C5FE00F059
:109B200017FBFFE70EE00398FEF7BEFE00F010FB08
:109B30000398FEF765FC18B1FFE700200A9002E0E9
:109B4000FFE7FFE763E70A980EB080BD80B588B0F5
:109B500005900491059858B9FFE74FF0500080F345
:109B60001188BFF36F8FBFF34F8F0790FFE7FEE7BA
:109B7000049858B9FFE74FF0500080F31188BFF305
:109B80006F8FBFF34F8F0690FFE7FEE7FFF7C0F838
:109B900042F62040C2F20000006802900298059947
:109BA0004968401A019004980068013018B9FFE72D
:109BB000002003902BE042F69430C2F200000068CF
:109BC00005990968884209D0FFE702980599496814
:109BD000884203D3FFE70120039017E0019804991E
:109BE000096888420BD2FFE7019A04990868801A35
:109BF00008600598FFF736FA0020039005E0049905
:109C00000020086001200390FFE7FFE7FFE7FFF770
:109C1000ABF8039808B080BD70B58CB0DDF844C0D7
:109C2000DDF840C00B900A91ADF826200893BDF8EE
:109C300026008000FEF790FE0590059880B1FFE7B2
:109C40008420FEF789FE0790079820B1FFE705986A
:109C50000799086303E00598FFF7ACF8FFE702E017
:109C600000200790FFE70798F0B1FFE7079800266C
:109C700080F881600B980A99BDF82620089BDDF8D2
:109C800040C0119C079DEE46CEF80C60CEF80850FF
:109C9000CEF80440CEF800C0FEF738FA0798FDF77A
:109CA000ADFF0120069003E04FF0FF300690FFE784
:109CB00006980CB070BD0000B0B58EB0DDF850C095
:109CC000DDF84CC0DDF848C00A900991089207936E
:109CD000139858B9FFE74FF0500080F31188BFF395
:109CE0006F8FBFF34F8F0D90FFE7FEE7149858B9C1
:109CF000FFE74FF0500080F31188BFF36F8FBFF381
:109D00004F8F0C90FFE7FEE784200490049884288E
:109D10000BD0FFE74FF0500080F31188BFF36F8F37
:109D2000BFF34F8F0B90FFE7FEE7149820B3FFE7D8
:109D3000139808B3FFE714980690139806990863E0
:109D40000699022081F881000A980999089A079BD0
:109D5000DDF848C0069CEE460025CEF80C50CEF843
:109D6000084005ACCEF80440CEF800C0FEF7CEF9AE
:109D70000698FDF743FF02E000200590FFE70598F5
:109D80000EB0B0BD81B042F6EC30C2F20000006807
:109D900018B9FFE7012000900DE042F62430C2F22E
:109DA0000000006818B9FFE70220009002E00020E0
:109DB0000090FFE7FFE7009801B0704781B042F6DE
:109DC0002040C2F2000000680090009801B0704787
:109DD00080B586B00020029042F62430C2F2000026
:109DE0000068002840F0C080FFE742F62041C2F240
:109DF000000108680130019001980860019858BB83
:109E0000FFE740F66430C2F200000068006858B115
:109E1000FFE74FF0500080F31188BFF36F8FBFF35F
:109E20004F8F0590FFE7FEE740F66432C2F2000272
:109E30001068009040F66C31C2F2000108681060B2
:109E40000098086042F69431C2F2000108680130BF
:109E50000860FEF745FC00E0FFE7019842F690310C
:109E6000C2F200010968884268D3FFE7FFE740F6C5
:109E70006430C2F200000068006840B9FFE742F6B3
:109E80009031C2F200014FF0FF30086055E040F61B
:109E90006430C2F200000068C068C0680490049892
:109EA0004068039001980399884207D2FFE703981E
:109EB00042F69031C2F2000108603EE0FFE70498EC
:109EC0000430FEF761FE0498806A28B1FFE7049829
:109ED0001830FEF759FE00E0FFE70498C06A42F62A
:109EE0002C31C2F200010968884208D9FFE70498C2
:109EF000C06A42F62C31C2F200010860FFE7049903
:109F0000C86A00EB800240F67430C2F2000000EB39
:109F100082000431FEF7DEFE0498C06A40F65C3130
:109F2000C2F200010968C96A884203D3FFE7012031
:109F3000029000E0FFE7FFE799E7FFE740F65C30BB
:109F4000C2F200000068C06A00EB800140F6743085
:109F5000C2F2000050F82100022803D3FFE70120DD
:109F6000029000E0FFE707E042F62031C2F2000174
:109F7000086801300860FFE742F62C40C2F200009A
:109F8000006818B1FFE70120029000E0FFE70298A7
:109F900006B080BD80B586B0039003980290002083
:109FA00001900398002867D0FFE7029840F65C31E3
:109FB000C2F20001096888420BD0FFE74FF0500061
:109FC00080F31188BFF36F8FBFF34F8F0590FFE7CA
:109FD000FEE70298406F58B9FFE74FF0500080F35A
:109FE0001188BFF36F8FBFF34F8F0490FFE7FEE739
:109FF0000299486F013848670299C86A096F884218
:10A0000038D0FFE70298406F90BBFFE7029804301A
:10A01000FEF7BAFD08B9FFE700E0FFE70299086F15
:10A02000C8620299C86AC0F1380088610298C06AA3
:10A0300042F62C31C2F200010968884208D9FFE7D4
:10A040000298C06A42F62C31C2F200010860FFE7B4
:10A050000299C86A00EB800240F67430C2F2000038
:10A0600000EB82000431FEF735FE0120019000E094
:10A07000FFE700E0FFE700E0FFE7019806B080BDE2
:10A0800080B584B002900298C068C06801900198C1
:10A0900058B9FFE74FF0500080F31188BFF36F8F7E
:10A0A000BFF34F8F0390FFE7FEE701981830FEF7EC
:10A0B0006BFD42F62430C2F20000006820BBFFE7CF
:10A0C00001980430FEF760FD0198C06A42F62C3119
:10A0D000C2F200010968884208D9FFE70198C06A06
:10A0E00042F62C31C2F200010860FFE70199C86A0C
:10A0F00000EB800240F67430C2F2000000EB8200F8
:10A100000431FEF7E7FD09E0019800F1180142F67D
:10A110009830C2F20000FEF7DDFDFFE70198C06A4B
:10A1200040F65C31C2F200010968C96A884208D968
:10A13000FFE70120009042F62C41C2F200010860C6
:10A1400002E000200090FFE7009804B080BD00000E
:10A1500080B584B000200290019042F62430C2F213
:10A160000000006858B9FFE74FF0500080F31188F5
:10A17000BFF36F8FBFF34F8F0390FFE7FEE7FEF74C
:10A18000C7FD42F62430C2F20000016801390160C7
:10A190000068002840F09980FFE742F61830C2F2CC
:10A1A00000000068002800F08F80FFE7FFE742F61C
:10A1B0009830C2F200000068002842D0FFE742F663
:10A1C0009830C2F20000C068C0680290029818304F
:10A1D000FEF7DAFC02980430FEF7D6FC0298C06A5B
:10A1E00042F62C31C2F200010968884208D9FFE723
:10A1F0000298C06A42F62C31C2F200010860FFE703
:10A200000299C86A00EB800240F67430C2F2000086
:10A2100000EB82000431FEF75DFD0298C06A40F653
:10A220005C31C2F200010968C96A884207D3FFE7BE
:10A2300042F62C41C2F200010120086000E0FFE775
:10A24000B5E7029818B1FFE7FEF74AFAFFE742F6D2
:10A250002030C2F20000006800900098E0B1FFE7F3
:10A26000FFE7FFF7B5FD38B1FFE742F62C41C2F238
:10A2700000010120086000E0FFE70098013800902D
:10A28000FFE700980028ECD1FFE742F62031C2F248
:10A2900000010020086000E0FFE742F62C40C2F217
:10A2A0000000006870B1FFE7012001904EF60451F4
:10A2B000CEF200014FF080500860BFF34F8FBFF324
:10A2C0006F8F00E0FFE7FFE700E0FFE7FEF74CFDE0
:10A2D000019804B080BD000080B58AB000200890CD
:10A2E000FDF71EFD42F62440C2F20000006858B39C
:10A2F000FFE7002004900790069007A806A905AA8A
:10A30000FEF77CFC049B059A0698DDF81CC06946A4
:10A31000C1F808C048600220086048F68900C0F60D
:10A3200000004CF2A111C0F60001FFF7C5FC014688
:10A3300042F62840C2F200000160006818B1FFE751
:10A3400001200890FFE700E0FFE7089858B9FFE711
:10A350004FF0500080F31188BFF36F8FBFF34F8F22
:10A360000990FFE7FEE708980AB080BD80B58AB083
:10A37000DDF830C008900791069205930020049004
:10A38000089858B9FFE74FF0500080F31188BFF3E9
:10A390006F8FBFF34F8F0990FFE7FEE742F624402F
:10A3A000C2F200000068A8B3FFE707980090069883
:10A3B000019008980290079805281EDCFFE7FFF738
:10A3C000E1FC02280CD1FFE742F62440C2F2000073
:10A3D00000680C9A69460023FFF710F904900BE01F
:10A3E00042F62440C2F200000068694600231A4683
:10A3F000FFF704F90490FFE70BE042F62440C2F2B5
:10A4000000000068059A69460023FFF70DFA0490E2
:10A41000FFE700E0FFE704980AB080BD002108468E
:10A4200000F060BE70B5054620F00040C0F1FF406E
:10A430000C46C00F05D124F00040C0F1FF40C00F12
:10A4400017D0284601F0BCF86FEAD05111F0FF0F89
:10A4500008BF70BDE917B1EBE07F08BF70BD0146D2
:10A4600064F31E01BDE870400A460146104601F043
:10A4700026B94FF07F40B0EB450F18BF5FEA4400AC
:10A48000DFD10120F6F7D9F8BDE87040FFF7C6BF6D
:10A4900070B5054601F01EF9044620F00040C0F1F9
:10A4A000FF40C00F08D025F00040C0F1FF40C00FB2
:10A4B00004BF0120F6F7C1F8204670BD21F000422C
:10A4C00001F00043A2F16052B2F5801F28BFD2F123
:10A4D0007F6C0BD95FEA001C43EAC20242EB50706A
:10A4E00018BF704728BF20F001007047B2F5801FE9
:10A4F000BCBF184670474FEA410C1CF5001F02D242
:10A50000084601F0D7B870B500F0BCFB0000008928
:10A51000FFF7F6BF4FF00040A0F580007047000045
:10A5200010B591EA030F48BF83F0004300F10684A1
:10A53000841A71EB030C05D2121943EB0C03001BB8
:10A5400061EB0C014FEA1154A4EB135CDFF81CE142
:10A550001EEA430F18BF9EEA445F00F0748021EAB0
:10A56000045123EA0E0343F48013DCF1200E32D3AE
:10A5700022FA0CFE10EB0E0023FA0CFE41EB0E014A
:10A58000CCF1200E03FA0EFE10EB0E00CCF1200EE3
:10A5900051F10001B1F5801F32D201EB045112FAE2
:10A5A0000EF2BDE8104058BF7047401C38BF5FEA4C
:10A5B000420218BF7047002814BF20F0010041F18B
:10A5C00000014FEA410313F5001F38BF7047A1F1A6
:10A5D000C04100F0A5BB012A43EB0302ACF1200C03
:10A5E000DCF11F0E32BF4FF0000E23FA0CF310EB1C
:10A5F000030041EB0451B4EB115FD0D0A1EB045147
:10A6000001F58011490801EB04515FEA30000ED3D7
:10A6100050F1000038BF12FA0EFE08D1BDE810401C
:10A62000C9E7401C38BF5FEA4202CAD1C3E7BDE8B0
:10A6300010404FEA410313F5001F38BF7047A1F1E6
:10A64000C04100F06DBB9EEA445F08D011EA5E0F86
:10A65000BDE8104004BF01F0004100207047BDE894
:10A66000104070B500F00EFB64FBBE3E0000E0FF42
:10A67000491058BFC1F140415B1058BFC3F140437E
:10A680008B42EFF3008070472DE9C04130B4DFF812
:10A69000A4C23CEA111418BF3CEA131400F0ED8088
:10A6A0001CEA111481EA030544EAD57418BF1CEAB8
:10A6B000131500F0C880A4EB050404F17F7404F5C1
:10A6C00000344FF0004545EAC12145EAC32341EA81
:10A6D000505143EA52534FEAC0204FEAC2229942F6
:10A6E00008BF904200F09D804FEA13650FF24416B8
:10A6F000765D4FEA134506FB05F7C7F1807706FB49
:10A7000007F74FEAD737A7FB03687642A7FB06CEC9
:10A71000C8F5803838BFA8F1010807FB08E6A6FB9A
:10A72000028C4FF0000EE6FB03CEDCF1000CCEF104
:10A73000004E38BFAEF1010EA6FB0C584FF00007DB
:10A74000E6FB0E87A1FB08C6A0FB07CE16EB0E06A4
:10A750004FF0000545F10005E1FB076515F1E04EFE
:10A760007EBFA4F580345FEA46066D4116F180078E
:10A7700045F100054FEA172747EA05674FEA152517
:10A780004FEA0666A6F1DE46B6F1805F20D938466C
:10A7900005EBC47124F0010C01EB0C11BCF1FE6F50
:10A7A00002D8F0BCBDE8008124425CBF01F5801EE8
:10A7B0009EEAC47F02D4F0BCBDE80081244200F1CF
:10A7C0003980A1F1C041F0BCBDE8004100F0A8BA59
:10A7D0004FEAD02040EA41504FEAD1214FEAD2223D
:10A7E00042EA43524FEAD323A7FB028607FB0366E4
:10A7F00005FB02661EEA0E0F58BFA6EB0056B6EB2D
:10A8000000564FEA520E4EEAC37E18EB0E0E56EB80
:10A81000530EBCD518EB02085E417F1C55F10005B4
:10A82000B5E74FF480154FF000074FF000064FF0EA
:10A830000008ACE701F1C04101F000414FF0000019
:10A84000F0BCBDE800810CEA131511EA0C1F00D022
:10A850000CE013EA0C1F00F026804FF0000081EAA4
:10A86000030101F00041F0BCBDE80081F0BCBDE88F
:10A87000004181EA030100F053BAF0BCBDE8004199
:10A8800070B500F0FFF900BF097EFC3E00F007B88C
:10A890004FF0000081EA030101F00041704781EAB6
:10A8A000030100F03DBAF0BCBDE8004122494FF081
:10A8B00000007047FFFDFBF9F7F5F4F2F0EEEDEB69
:10A8C000E9E8E6E4E3E1E0DEDDDBDAD8D7D5D4D3AE
:10A8D000D1D0CFCDCCCBCAC8C7C6C5C4C2C1C0BFFA
:10A8E000BEBDBCBBBAB9B8B7B6B5B4B3B2B1B0AF00
:10A8F000AEADACABAAA9A8A8A7A6A5A4A3A3A2A1E4
:10A90000A09F9F9E9D9C9C9B9A999998979796959E
:10A9100095949393929191908F8F8E8E8D8C8C8B3A
:10A920008B8A8989888887878685858484838382C2
:10A93000828181800000FF070000F87F51EA030C4C
:10A9400017D41CF5801F58BFBCF5801F00F106808E
:10A95000994218BF704708BF9042704707D711F55A
:10A96000801F58BF13F5801F19D499427047894240
:10A9700070471CF5801F08D5BCF5801FF7D58B42AA
:10A9800018BF704708BF824270474FF4001C1CEB91
:10A99000410F38BF1CEB430F01D28B42704770B59B
:10A9A00000F070F9922449004FF000514FF08053AD
:10A9B000FFF75EBE4FEA41034FEA5353A3F58063AE
:10A9C000D3F11E03C8BFD3F1210C0CDD4FF00042C0
:10A9D00042EAC12242EA505232FA03FC8CEAE17C9C
:10A9E000ACEBE1707047102BC4BF0020704703F53B
:10A9F000787CBCF1FF3F04D06FF0004282EA210076
:10AA0000704770B500F03EF94992248000207047ED
:10AA1000F2E710F0004248BF4042B0FA80F310FA6B
:10AA200003F10AD0C3F11D0303F5806302EB035267
:10AA30004FEA415002EBD12170474FF000007047C0
:10AA400051EA030C17D41CF5801F58BFBCF5801FBA
:10AA500000F10680994218BF704708BF90427047C6
:10AA600007D711F5801F58BF13F5801F19D49942DD
:10AA70007047894270471CF5801F08D5BCF5801FC0
:10AA8000F7D58B4218BF704708BF824270474FF41A
:10AA9000001C1CEB410F38BF1CEB430F01D28B4253
:10AAA000704770B500F0EEF8922449004FF08051E5
:10AAB0004FF00053FFF7DCBD51EA030C17D41CF52F
:10AAC000801F58BFBCF5801F00F10680994218BF57
:10AAD000704708BF9042704707D711F5801F58BFD5
:10AAE00013F5801F19D499427047894270471CF5AD
:10AAF000801F08D5BCF5801FF7D58B4218BF704763
:10AB000008BF824270474FF4001C1CEB410F38BF56
:10AB10001CEB430F01D28B42704770B500F0B2F8C6
:10AB2000922449004FF000514FF08053FFF7A0BD31
:10AB300070B5DFF848C11CEA111E1EBF1CEA1315D0
:10AB40009EEA0C0F95EA0C0F00F06F8081EA030477
:10AB50004EEAD47EAE4421EA4C1123EA4C1341F470
:10AB6000801143F48013AEF17F7EA1FB024CA0FB69
:10AB70000365361955EB0C05A1FB034C4CF10003A2
:10AB8000A0FB021C16EB0C06654153F100030942C1
:10AB900018BF46F0010613F4007F0BD14FEA0331D2
:10ABA0004FEA053041EA155140EA165034036FF080
:10ABB00003020AE04FEAC3214FEAC52041EA55519A
:10ABC00040EA5650F4026FF0020202EB2E4201EB13
:10ABD000025585EACE710AD05FEA440C18BF24F012
:10ABE000004450F1000041F1000120EAD47040F22D
:10ABF000FE7C624500D270BDA84214BF4FF0804475
:10AC00004FF04044002E08BF0024BEF1806FA8BF63
:10AC1000A1F1C041BDE8704080F2828001F1C041E5
:10AC200001F000414FF0000070470CEA13159EEA56
:10AC30000C0F18BF95EA0C0F06D081EA030E4FF0F7
:10AC400000000EF0004170BD00F01CF88900013ECC
:10AC500000F007B800F009B84FEA430C5FEA5C5C0B
:10AC600008D081EA030100F05BB84FEA410C5FEACB
:10AC70005C5CF6D102494FF0000070470000FF070E
:10AC80000000F87F0EF1020E2EF0030E5EF8046B4A
:10AC9000364205D4012A43EB030515F5001F12D8EF
:10ACA000012841EB010C1CF5001F0CD80ED14FEA16
:10ACB000D17C0CEB4C0C0CF1020C15F5001F08BFFD
:10ACC0004CEBD37C04E04FF0080C01E04FEAD37C5E
:10ACD0000CEB4C0526FA05F606F00706B6F1040C57
:10ACE00006D20EEB860CBDE870404CF0010C6047BC
:10ACF000DFE80CF0090B02024FF00041A1F5002142
:10AD00004FF0000070BD19461046012851EB0104B8
:10AD100018BFD4F5001484BF002001F0004170BDBD
:10AD20000808A0F500114FEA3101704710B591EA0B
:10AD3000030F48BF83F000433FF5FAAB841A71EB71
:10AD4000030C07D28CF0004C121943EB0C03001BD0
:10AD500061EB0C014FEA1154A4EB135CDFF8A4E1A2
:10AD60001EEA430F18BF9EEA445F00F0B48021EA58
:10AD7000045123EA6E035242C3EB6E0338BF5B1EDD
:10AD8000DCF1200E25D322FA0CFE10EB0E0043FA64
:10AD90000CFE41EB0E01CCF1200E03FA0EFE10EB7F
:10ADA0000E00CCF1200E51F1000129D401EB045129
:10ADB00012FA0EF2BDE8104058BF7047401C1CBF8D
:10ADC000B2F1004F704700280CBF491C20F0010071
:10ADD000704712EB020E43EB030218BF4FF0010E57
:10ADE0004EEA4202ACF1200CDCF11E0E56D943FAB9
:10ADF0000CFE10EB0E00CCF11E0E51F1FF31D5D53B
:10AE00000EF1010E12FA0EFE404141EB010101EB81
:10AE1000445C5FEA5C5C10D901EB045110EBDE701E
:10AE200038BFBEF1004FBDE8104018BF7047002882
:10AE30000CBF491C20F00100704734D24FEAD42CDB
:10AE400024F4006411F500111BD0B1FA81F20B3A21
:10AE5000A41AA41ED2F12003914030FA03F319433F
:10AE6000904001EBCC7101EB0451002CBDE8104087
:10AE7000A8BF704701F1C04101F000414FF0000050
:10AE80007047B0FA80F310FA03F102D1BDE8104028
:10AE90007047E41A173C4805C90AE2E701EB045180
:10AEA000BDE81040704749104FEA300001EB0451F3
:10AEB000BDE8104002E04FF0000170474A0008BFB3
:10AEC0000042F8D0B2F5001F28BF704701F00041E2
:10AED0004FF0000070479EEA445F07D011EA5E0F12
:10AEE000BDE8104004BF002100207047BDE81040BD
:10AEF00070B5FFF7C7FE00BF40DFF63E104683F097
:10AF0000004170470000E0FF43004FEAD30C4FEAD6
:10AF10003C0C43401FBF40070CF1605113F0FE4F43
:10AF200070471CF0006F03D10CF000410020704707
:10AF30000CF0004343EA507040EACC0010B500F03A
:10AF4000F8FA00BF000000924FEA0001FFF7E8BEE8
:10AF50004FF00041A1F500214FF0000070470000C4
:10AF600090EA010F48BF81F0004100F14284421A8B
:10AF70003CBF801A89184FEAD052A2EBD1534FF050
:10AF80007F4C1CEA410F18BF9CEA026F00F03B8027
:10AF90004FF0004C4CEA00204CEA012121FA03FC5E
:10AFA00010EB0C0C1ED202F1FF325FEA1C2040EBCA
:10AFB000C25038BF70471CF07F0F4FEA400C18BFDB
:10AFC000BCF17F4F38BF7047C3F12003994008BFE1
:10AFD00020F00100BCF17F4F38BF7047A0F1C040A6
:10AFE00000F068BB4FEA3C00000A40EBC25028BFAB
:10AFF0001CF0FF0F4FEA400CE6D018BFBCF17F4FAA
:10B0000038BF7047EAE79CEA026F05D010EA5C0F90
:10B0100008BF00F00040704710B500F08AFA00BF8A
:10B0200064FBBE3E10B5FFF789FC0CBF0120002079
:10B0300010BD10B5FFF782FC14BF0120002010BD29
:10B0400010B5FFF7FDFC8CBF0120002010BD10B52E
:10B05000FFF7F6FC2CBF0120002010BD10B5FFF754
:10B060002BFD94BF0120002010BD10B5FFF724FD7B
:10B0700034BF0120002010BD10B500F0F5F80CBF62
:10B080000120002010BD10B500F0EEF814BF012023
:10B09000002010BD10B500F063F98CBF0120002026
:10B0A00010BD10B500F05CF92CBF0120002010BDD0
:10B0B00010B500F089F994BF0120002010BD10B533
:10B0C00000F082F934BF0120002010BD401058BFAD
:10B0D000C0F14040491058BFC1F140418142EFF3F7
:10B0E000008070474FF47F0C1CEAD0121EBF1CEA90
:10B0F000D11392EA0C0F93EA0C0F00F0858090EACE
:10B10000010F48BF42F4807240F4000C41F400008B
:10B110002CF07F4120F07F4000B5A2EB030281427A
:10B120000FF2081CACEB504E9EF800E0C0F100009E
:10B130004FEA4E0E00FB0EFC38BF49004FEA2C1CB4
:10B140000CFB0EF34FEACE1E0EEB635E4FEA112CA2
:10B150000EFB0CFC4FEAC1214FEA1C5300FB03110C
:10B1600002F5FA024FEA112C0EFB0CFC4FEA0131FA
:10B170004FEADC4C00FB0C1142EB2242C14228BFDB
:10B1800009184CEB03335DF804EB10EB410143EB82
:10B19000C250B2F57C0F38BF704729D512F0F00FBE
:10B1A0001CBF00F1C04000F0004070470081828366
:10B1B0008485868788898B8C8D8E8F9192939596C6
:10B1C00097999A9C9D9FA0A2A3A5A7A8AAACAEB050
:10B1D000B2B3B5B7B9BCBEC0C2C5C7C9CCCED1D455
:10B1E000D7D9DCDFE2E6E9ECF0F3F7FAFE00000085
:10B1F0004FEA400C0CF1807CBCF17E4F28BF7047B9
:10B20000B0F1C04000F056BA0CEAD11390EA010F39
:10B2100048BF42F48072624538BF634507D213F4D9
:10B220007F0F16D080EA010000F00040704710B593
:10B2300000F07FF9097EFC3E00F005B880EA0100CD
:10B2400000F00040704780EA010000F0004000F08C
:10B2500031BA12F47F0F04BF0248704780EA010040
:10B2600000F028BA0000C07F50EA010C00F1138002
:10B270001CF5000F58BFBCF5000F01D48842704781
:10B2800007D710F5000F58BF11F5000F15D48842ED
:10B290007047894270471CF5000F04D5BCF5000FBC
:10B2A000F7D5814270474FF0807C1CEB400F38BFD0
:10B2B0001CEB410F01D28142704710B500F039F903
:10B2C000922449004FF000504FF08051FFF7FEBE2E
:10B2D00041000B0ED3F19E0208D950F400034FEA4F
:10B2E000032323FA02F048BF4042704710B500F034
:10B2F00020F900BF49922480002070476FF000427F
:10B3000082EA20007047000010F0004148BF404230
:10B31000B0FA80F310FA03F2C3F19D030BD051EAA7
:10B32000C35101EB1220530638BF704700F10100F2
:10B3300008BF20F001007047B0FA80F310FA03F262
:10B34000C3F19D030AD0D90501EB1220530638BF83
:10B35000704700F1010008BF20F0010070470000B5
:10B3600050EA010C00F113801CF5000F58BFBCF52A
:10B37000000F01D48842704707D710F5000F58BF5F
:10B3800011F5000F15D488427047894270471CF5AB
:10B39000000F04D5BCF5000FF7D5814270474FF080
:10B3A000807C1CEB400F38BF1CEB410F01D2814267
:10B3B000704710B500F0BDF8922449004FF080505E
:10B3C0004FF00051FFF782BE50EA010C00F11380EC
:10B3D0001CF5000F58BFBCF5000F01D48842704720
:10B3E00007D710F5000F58BF11F5000F15D488428C
:10B3F0007047894270471CF5000F04D5BCF5000F5B
:10B40000F7D5814270474FF0807C1CEB400F38BF6E
:10B410001CEB410F01D28142704710B500F089F852
:10B42000922449004FF000504FF08051FFF74EBE7C
:10B430004FF47F0C1CEAD0121EBF1CEAD11392EA13
:10B440000C0F93EA0C0F00F0478090EA010F48BF01
:10B4500042F480724FF0004C4CEA00204CEA01218B
:10B4600002EB0302A0FB0113A2F50002002918BFA2
:10B4700043F001035B0028BF4FEA330342EB224253
:10B480005FEA132C4CEBC2502EBFBCEB436FB2F5FE
:10B490007C0F70474FEA036CBCF1004F08BF20F0EF
:10B4A0000100B2F57C0F38BF70470BD582F0FF0268
:10B4B00012F5803FC8BF704700F1C040D8BF00F010
:10B4C0000040704700F5000C5FEA4C0C48BF704725
:10B4D000B0F1C04000F0EEB80CEAD11390EA010FD1
:10B4E00048BF42F48072624538BF634504D280EAA7
:10B4F000010000F00040704710B500F01AF800BFDE
:10B500008900013E00F007B800F009B85FEA410C7D
:10B510005FEA1C6C08D080EA010000F0CBB85FEA5B
:10B52000400C5FEA1C6CF6D14FF00040A0F58000A3
:10B5300070470EF1020E2EF0030E5EF8044B24420B
:10B5400004D44FEA4102B2F17F4F11D84FEA4003D1
:10B55000B3F17F4F0CD80ED14FEAD07C0CEB4C0CE2
:10B560000CF1020CB2F17F4F08BF4CEBD17C04E030
:10B570004FF0080C01E04FEAD17C0CEB4C0324FAAD
:10B5800003F404F00704B4F1040C06D20EEB840CAF
:10B59000BDE810404CF0010C6047DFE80CF00708F4
:10B5A00002024FF00040A0F5800010BD08464200A6
:10B5B00018BFD2F1807288BF00F0004010BD0000BB
:10B5C0004FF07F4C3CEA410318BF3CEA400200F0D8
:10B5D00062804FF47F0C0CEAD11310F0004F18BFBB
:10B5E00043F005031CEAD01218BF13EA0C0F00F059
:10B5F00057804FF0004C4CEA00204CEA0121A3F5A3
:10B6000080339A4210DD23F00203B0F1004F06D3DD
:10B6100043F00203401ABCBF404283F001034FEAEB
:10B620004000A2F58032ECE74FEA224CBCEB234FFE
:10B6300008DB884206D31CD0A0EB4100C0F100001B
:10B6400083F0010340001DD217D40DD0B0FA80FC66
:10B650000CF1010C00FA0CF0A2EB0C42D2F1000C40
:10B6600012DB4FEAC37070474FEA437000F00040AE
:10B67000704713F0020FE5D0DEE74FEA4000B2F565
:10B680008032EBDD002AE9DD4FEAC21242EA5020A7
:10B6900040EAC370704710B5FFF74BFFEDFFFF3E68
:10B6A0001CEAD11F02D000F00040704700487047EC
:10B6B0000000C07FFF2141EAD050C005704780F0F4
:10B6C000004090EA010F7FF552AC81F0004100F09C
:10B6D00090B800004FEAD051002988BFD1F1FF0295
:10B6E00040F275804FEA002040F0004070B501F153
:10B6F0007D01490838BF40080EA2430ED25C040CFD
:10B7000002FB02F304FB03F3C3F14043A3FB025427
:10B71000ED0D45EA442202FB02F3A0FB03546D4207
:10B72000C4F1404438BF641EA2FB05350023E2FB90
:10B730000453EA0B42EA4342A0FB023212F14004F6
:10B74000E409A2F1210303F07F031F2B32D904EB9C
:10B75000C15070BDFEFAF7F3F0ECE9E6E4E1DEDC9F
:10B76000D9D7D4D2D0CECCCAC8C6C4C2C1BFBDBC42
:10B77000BAB9B7B6B4B3B2B0AFAEACABAAA9A8A7CA
:10B78000A6A4A3A2A1A09F9E9E9D9C9B9A999897D8
:10B79000979695949393929190908F8E8E8D8C8C9A
:10B7A0008B8A8A8989888787868685848483838231
:10B7B0008281818004FB04F6B6EB004603D5E642A5
:10B7C00048BF641CC3E7A64258BF641CBFE711F022
:10B7D000FF0F02D100F00040704710B5FFF7A9FE3F
:10B7E0007FDBFFBE90EA010F48BF81F000413FF5CB
:10B7F000BEAB421A04D882F00042A0EB0200114412
:10B800004FEAD052A2EBD1534FF07F4C1CEA410FCC
:10B8100018BF9CEA026F4AD04FF0004C4CEA00205F
:10B820004CEA012121FA03FCB0EB0C0C0FD412F00E
:10B83000FE0F36D05FEA4C001DD5001240EBC2501F
:10B8400038BF70471CF03F0F18BF70470BE05FEA2E
:10B850001C20A2F1010240EBC25038BF70471CF01F
:10B860007F0F18BF7047C3F12003994014BF401EDB
:10B8700020F0010070474FEA1223800808BF70478C
:10B88000B0FA80FCA2EB0C02CCF1280C60FA0CF0B0
:10B8900093EA122F04BF00EBC25070474FEAC37007
:10B8A0007047130A5FEADC1008BF7047F6E79CEAAE
:10B8B000026F04D010EA5C0F08BF0020704710B57B
:10B8C000FFF737FE40DFF63E81F000407047000092
:10B8D0000000000000000102030406070809000040
:10B8E0000000010203040000040506070809000027
:10B8F0000000000D0102030405060708090A0B0CED
:10B900000D0E0F1050C100080000000000000000E4
:10B91000000000000000000000020000180000000D
:10B92000000000000000000000000000920E493CF2
:10B93000B10AC93C2BC3163D2EFB483D752B7B3D00
:10B9400004A9963D80B6AF3D36BDC83D2FBCE13D54
:10B9500073B2FA3D87CF093E8340163EB5AB223E17
:10B96000A2102F3ECF6E3B3EC2C5473E0115543E4E
:10B97000135C603E7F9A6C3ECCCF783EC07D823EA9
:10B98000938E883E229A8E3E32A0943E86A09A3EA6
:10B99000E59AA03E128FA63ED47CAC3EEF63B23E49
:10B9A0002A44B83E491DBE3E15EFC33E53B9C93EB9
:10B9B000CA7BCF3E4136D53E80E8DA3E4F92E03E2C
:10B9C0007533E63EBBCBEB3EEA5AF13ECBE0F63EAA
:10B9D000275DFC3EE4E7003F3D9C033F824B063F72
:10B9E0009BF5083F6B9A0B3FDA390E3FCDD3103FE2
:10B9F0002A68133FD9F6153FC07F183FC6021B3F88
:10BA0000D17F1D3FCBF61F3F9967223F25D2243FB0
:10BA10005636273F1594293F4AEB2B3FDE3B2E3FFE
:10BA2000BB85303FC9C8323FF304353F233A373F27
:10BA30004268393F3B8F3B3FF9AE3D3F67C73F3FD1
:10BA400070D8413F01E2433F03E4453F65DE473F95
:10BA500012D1493FF8BB4B3F029F4D3F207A4F3FE9
:10BA60003D4D513F4918533F31DB543FE595563F1B
:10BA70005348583F6AF2593F1A945B3F532D5D3F3C
:10BA800005BE5E3F2146603F97C5613F5A3C633F1C
:10BA900059AA643F880F663FD86B673F3CBF683F39
:10BAA000A7096A3F0C4B6B3F5E836C3F93B26D3FBF
:10BAB0009ED86E3F73F56F3F0809713F5213723F76
:10BAC0004714733FDD0B743F0BFA743FC6DE753FBE
:10BAD00007BA763FC58B773FF853783F9812793F86
:10BAE0009DC7793F02737A3FBE147B3FCDAC7B3F4D
:10BAF000283B7C3FC9BF7C3FAC3A7D3FCCAB7D3F10
:10BB000023137E3FB0707E3F6DC47E3F580E7F3F53
:10BB10006D4E7F3FAB847F3F0FB17F3F97D37F3F19
:10BB200043EC7F3F11FB7F3F0000803F11FB7F3FD5
:10BB300043EC7F3F97D37F3F0FB17F3FAB847F3F85
:10BB40006D4E7F3F580E7F3F6DC47E3FB0707E3F8D
:10BB500023137E3FCCAB7D3FAC3A7D3FC9BF7C3FDA
:10BB6000283B7C3FCDAC7B3FBE147B3F02737A3FCA
:10BB70009DC7793F9812793FF853783FC58B773F3F
:10BB800007BA763FC6DE753F0BFA743FDD0B743F94
:10BB90004714733F5213723F0809713F73F56F3FAB
:10BBA0009ED86E3F93B26D3F5E836C3F0C4B6B3FF4
:10BBB000A7096A3F3CBF683FD86B673F880F663F65
:10BBC00059AA643F5A3C633F97C5613F2146603F95
:10BBD00005BE5E3F532D5D3F1A945B3F6AF2593FAD
:10BBE0005348583FE595563F31DB543F4918533F82
:10BBF0003D4D513F207A4F3F029F4D3FF8BB4B3F99
:10BC000012D1493F65DE473F03E4453F01E2433F30
:10BC100070D8413F67C73F3FF9AE3D3F3B8F3B3F49
:10BC20004268393F233A373FF304353FC9C8323FB2
:10BC3000BB85303FDE3B2E3F4AEB2B3F1594293F1F
:10BC40005636273F25D2243F9967223FCBF61F3F28
:10BC5000D17F1D3FC6021B3FC07F183FD9F6153F5D
:10BC60002A68133FCDD3103FDA390E3F6B9A0B3F52
:10BC70009BF5083F824B063F3D9C033FE4E7003FB6
:10BC8000275DFC3ECBE0F63EEA5AF13EBBCBEB3EF5
:10BC90007533E63E4F92E03E80E8DA3E4136D53ECF
:10BCA000CA7BCF3E53B9C93E15EFC33E491DBE3EC8
:10BCB0002A44B83EEF63B23ED47CAC3E128FA63E1F
:10BCC000E59AA03E86A09A3E32A0943E229A8E3EED
:10BCD000938E883EC07D823ECCCF783E7F9A6C3E6C
:10BCE000135C603E0115543EC2C5473ECF6E3B3EDD
:10BCF000A2102F3EB5AB223E8340163E87CF093EB1
:10BD000073B2FA3D2FBCE13D36BDC83D80B6AF3DB4
:10BD100004A9963D752B7B3D2EFB483D2BC3163D5C
:10BD2000B10AC93C920E493C00000000920E49BC89
:10BD3000B10AC9BC2BC316BD2EFB48BD752B7BBDFC
:10BD400004A996BD80B6AFBD36BDC8BD2FBCE1BD50
:10BD500073B2FABD87CF09BE834016BEB5AB22BE13
:10BD6000A2102FBECF6E3BBEC2C547BE011554BE4A
:10BD7000135C60BE7F9A6CBECCCF78BEC07D82BEA5
:10BD8000938E88BE229A8EBE32A094BE86A09ABEA2
:10BD9000E59AA0BE128FA6BED47CACBEEF63B2BE45
:10BDA0002A44B8BE491DBEBE15EFC3BE53B9C9BEB5
:10BDB000CA7BCFBE4136D5BE80E8DABE4F92E0BE28
:10BDC0007533E6BEBBCBEBBEEA5AF1BECBE0F6BEA6
:10BDD000275DFCBEE4E700BF3D9C03BF824B06BF6E
:10BDE0009BF508BF6B9A0BBFDA390EBFCDD310BFDE
:10BDF0002A6813BFD9F615BFC07F18BFC6021BBF84
:10BE0000D17F1DBFCBF61FBF996722BF25D224BFAC
:10BE1000563627BF159429BF4AEB2BBFDE3B2EBFFA
:10BE2000BB8530BFC9C832BFF30435BF233A37BF23
:10BE3000426839BF3B8F3BBFF9AE3DBF67C73FBFCD
:10BE400070D841BF01E243BF03E445BF65DE47BF91
:10BE500012D149BFF8BB4BBF029F4DBF207A4FBFE5
:10BE60003D4D51BF491853BF31DB54BFE59556BF17
:10BE7000534858BF6AF259BF1A945BBF532D5DBF38
:10BE800005BE5EBF214660BF97C561BF5A3C63BF18
:10BE900059AA64BF880F66BFD86B67BF3CBF68BF35
:10BEA000A7096ABF0C4B6BBF5E836CBF93B26DBFBB
:10BEB0009ED86EBF73F56FBF080971BF521372BF72
:10BEC000471473BFDD0B74BF0BFA74BFC6DE75BFBA
:10BED00007BA76BFC58B77BFF85378BF981279BF82
:10BEE0009DC779BF02737ABFBE147BBFCDAC7BBF49
:10BEF000283B7CBFC9BF7CBFAC3A7DBFCCAB7DBF0C
:10BF000023137EBFB0707EBF6DC47EBF580E7FBF4F
:10BF10006D4E7FBFAB847FBF0FB17FBF97D37FBF15
:10BF200043EC7FBF11FB7FBF000080BF11FB7FBFD1
:10BF300043EC7FBF97D37FBF0FB17FBFAB847FBF81
:10BF40006D4E7FBF580E7FBF6DC47EBFB0707EBF89
:10BF500023137EBFCCAB7DBFAC3A7DBFC9BF7CBFD6
:10BF6000283B7CBFCDAC7BBFBE147BBF02737ABFC6
:10BF70009DC779BF981279BFF85378BFC58B77BF3B
:10BF800007BA76BFC6DE75BF0BFA74BFDD0B74BF90
:10BF9000471473BF521372BF080971BF73F56FBFA7
:10BFA0009ED86EBF93B26DBF5E836CBF0C4B6BBFF0
:10BFB000A7096ABF3CBF68BFD86B67BF880F66BF61
:10BFC00059AA64BF5A3C63BF97C561BF214660BF91
:10BFD00005BE5EBF532D5DBF1A945BBF6AF259BFA9
:10BFE000534858BFE59556BF31DB54BF491853BF7E
:10BFF0003D4D51BF207A4FBF029F4DBFF8BB4BBF95
:10C0000012D149BF65DE47BF03E445BF01E243BF2C
:10C0100070D841BF67C73FBFF9AE3DBF3B8F3BBF45
:10C02000426839BF233A37BFF30435BFC9C832BFAE
:10C03000BB8530BFDE3B2EBF4AEB2BBF159429BF1B
:10C04000563627BF25D224BF996722BFCBF61FBF24
:10C05000D17F1DBFC6021BBFC07F18BFD9F615BF59
:10C060002A6813BFCDD310BFDA390EBF6B9A0BBF4E
:10C070009BF508BF824B06BF3D9C03BFE4E700BFB2
:10C08000275DFCBECBE0F6BEEA5AF1BEBBCBEBBEF1
:10C090007533E6BE4F92E0BE80E8DABE4136D5BECB
:10C0A000CA7BCFBE53B9C9BE15EFC3BE491DBEBEC4
:10C0B0002A44B8BEEF63B2BED47CACBE128FA6BE1B
:10C0C000E59AA0BE86A09ABE32A094BE229A8EBEE9
:10C0D000938E88BEC07D82BECCCF78BE7F9A6CBE68
:10C0E000135C60BE011554BEC2C547BECF6E3BBED9
:10C0F000A2102FBEB5AB22BE834016BE87CF09BEAD
:10C1000073B2FABD2FBCE1BD36BDC8BD80B6AFBDB0
:10C1100004A996BD752B7BBD2EFB48BD2BC316BD58
:10C12000B10AC9BC920E49BC000000805CC1000885
:10C1300000000000000000000000000000000000FF
:10C14000800C00002800000000000000000000003B
:10C1500064656661756C745461736B0073746565B6
:10C1600072696E675F776865656C5F7461736B0099
:10C1700009257509093C3125250D0A000925750990
:10C1800009257525250D0A00092563092575092549
:10C19000750925750D0A0049444C4500546D7251CE
:10C1A00000546D722053766300000000D0C1000877
:10C1B0000000002010000000B4010008E0C10008E9
:10C1C0001000002020320000D40100082185FFFF6C
:10C1D0000024F4000100000010000000AAAAAAAA8E
:04000005080001519D
:00000001FF
